timestamp,altitude,speed,battery_level,gps_lat,gps_lon
0,687.0332625984165,227.68573130804836,67.39253115533174,-7.273547704683983,112.74313422991688
1,4701.280719382288,260.31317526948186,86.93711822343259,-7.278614315211001,112.73772836443702
2,2452.8822321475927,146.54770451132796,90.92833992937229,-7.267627263134013,112.74659828142535
3,2993.668316397539,201.81013754217372,79.1379062467069,-7.262291711860134,112.73100679506754
4,4305.398862019055,64.74303441829976,54.27808196948368,-7.267531388119735,112.74724467439196
5,201.29206430722454,242.26601875408784,30.04543572973324,-7.273018088685571,112.73897311308578
6,1466.9231137245902,237.21200575498554,68.4099886991435,-7.260939584409454,112.74163100088013
7,150.10958587867867,86.31650368181516,65.75115898881872,-7.270928219458606,112.74663442043104
8,3883.842459573547,139.67985983137388,70.2249799646048,-7.276517958816089,112.74676130427592
9,1118.348857923364,174.506013869076,78.95719412638223,-7.272927917581371,112.73611379080258
10,1547.3083218868887,179.18840282894308,97.4890873982605,-7.262972738739263,112.74439928261073
11,2075.4569632947905,75.91511356621501,60.14315319299367,-7.273430766966248,112.74268279202349
12,278.5704028552811,264.1447626943363,82.86394960927315,-7.26632733426024,112.73700306966053
13,1045.55324376303,243.57446958510778,93.60300619152869,-7.275196872975847,112.73954067098838
14,3828.245792881724,211.7689134614272,96.56957545643661,-7.263010910569676,112.73171724309026
15,4583.14766742646,97.84392926022869,21.092256105927845,-7.271069583468701,112.74663479981129
16,1742.691663531209,239.30966559436703,46.075366495603745,-7.261907954868342,112.73047585631525
17,3914.359439073733,115.54327389059077,36.47610076416123,-7.279274115655924,112.73900817941974
18,674.9858638266828,189.8462273788891,71.68626613604714,-7.27230061613233,112.7492917217189
19,1254.6191168210096,288.90858603559076,82.26896365176596,-7.2693851015423485,112.74863401175958
20,475.28128891386274,246.726155004191,34.26635439139431,-7.270676745668646,112.7488065442657
21,4667.73433543255,162.19003867470192,84.99858071652824,-7.276414196973789,112.74215950841669
22,1466.5578510512712,123.29082725692584,33.04486553635304,-7.266621798588779,112.74740740693011
23,506.43659047382147,70.70482392086848,83.02359085020143,-7.276584370607789,112.73070179245248
24,1930.6614762084005,101.59177065899901,93.46708895905803,-7.272525051461934,112.74654025928047
25,3369.492589595942,272.6186663644307,89.46028030669251,-7.262104483235023,112.74222616367453
26,4837.577016975666,85.95928292096555,36.81600013455589,-7.260340137709677,112.73140023750554
27,3706.920560138169,226.69293325747705,94.12960698924739,-7.262492706996317,112.7347876821638
28,4398.633912905101,283.21518951415294,76.00840726750607,-7.276154070922466,112.73545269548406
29,2114.4496220188084,283.62433973080704,29.096033917791573,-7.274593061465035,112.738159444738
30,208.97278896319781,207.84968702469305,42.86382196322171,-7.270283864190925,112.7397692876712
31,1828.5338162790306,60.0082935197035,97.82417626467725,-7.277102441995272,112.7374778341857
32,1115.3424618106214,290.90925799610403,31.802690654563115,-7.2618502262745945,112.7314460203608
33,3144.3937374314933,257.87945677407356,22.62262710806209,-7.264479527920967,112.73777317447316
34,1502.361643252369,80.58816983126155,60.022508362905775,-7.265409724174206,112.73391002310285
35,3429.1957408594026,228.52802148666711,66.62321438151969,-7.277295116601092,112.73719176258881
36,1218.8389826452888,287.94512924015385,95.94676216973946,-7.261935326774039,112.73296092751545
37,2913.1360443343756,267.06804499168754,80.56284238663937,-7.264291032082832,112.74078719004135
38,3125.093758681354,132.5491791241215,60.757919148608515,-7.2760340193549915,112.73993523663434
39,1356.5175432694082,144.49352093143926,54.23503877189078,-7.266164064617702,112.73912386508876
40,1921.306844527513,133.07973324962865,23.843718178786553,-7.272433550662008,112.73471212133902
41,3803.149481918545,152.7085729907326,80.2966937902803,-7.260765206340086,112.74236542514429
42,2893.521691135715,224.01091606402804,50.37882497984705,-7.260844584413524,112.74237867945536
43,4335.553437499596,160.4634807778634,42.87397525861068,-7.274356989967457,112.7444377097836
44,838.9923413738011,170.30883818739085,72.26512907440207,-7.261608507649197,112.74753767852404
45,4817.398332472145,287.4863225034437,54.67346825286736,-7.277016328984757,112.7381572692037
46,1251.348125351932,223.99539324569378,32.63808640631613,-7.272487461985554,112.73966998881781
47,1835.7093590631673,210.04320545225494,55.36116615687153,-7.273328946415324,112.74883721818883
48,1334.6378008464824,267.8018607848593,76.9186744836203,-7.263430418990895,112.7410334810694
49,1757.0924899950312,84.2951310281679,40.116693288126235,-7.276276951506644,112.73361478366365
50,4748.774598168597,159.46938698964652,58.20831168040732,-7.270740109159345,112.73401239370503
51,3525.0130453869674,266.0121518425284,21.92877289662838,-7.262459937450795,112.74852033613374
52,3930.242440411669,129.32609268640775,97.64920116673414,-7.268423309401398,112.74578904868135
53,2050.7973933895073,119.40597440541848,87.92340589846675,-7.261603128792976,112.74638108912205
54,1159.9813386129747,82.64749198863487,68.56281720148793,-7.262002853810738,112.73915105147904
55,4629.747709639053,111.89268111188326,63.52370189324445,-7.267321127970725,112.73170765149052
56,1434.445425586476,74.90885132240264,26.34098354621136,-7.270735069376026,112.74660227539368
57,3997.22074998517,293.41315798441167,73.5115560329331,-7.273528584425645,112.73163559194833
58,1436.8772501204128,143.8867768650081,80.4580570793521,-7.27179955531695,112.74251473281979
59,210.49891625373547,76.90306589993942,40.58442486146534,-7.270195654453687,112.74666115873923
60,3671.702788196316,235.84145393327591,28.51374990595982,-7.265750203455783,112.74850968758257
61,1459.2219482491219,130.73426197178813,89.86417788832325,-7.276133777968053,112.74476284762919
62,1566.98099780019,262.3943056299688,48.600624642717946,-7.267454383524932,112.73251223912857
63,4458.243904797331,195.96246716442062,45.95770947809971,-7.276380906501299,112.73124354288791
64,1880.916451079833,170.24781170574582,85.28954637118215,-7.269266962867399,112.73085663518542
65,4966.500153767753,257.8428565153977,20.473231429002503,-7.271113090692192,112.74714451277254
66,113.80302650639611,292.8605131442539,86.83230334048358,-7.2736947798923755,112.74388313517494
67,443.05903876851943,126.58205870393623,95.01625678223756,-7.273619736055985,112.74154476439864
68,4472.8688145785245,162.70992424535075,62.4948436134051,-7.2737782246126494,112.7337662297951
69,2350.6191739634014,191.9738042170932,36.31465091310992,-7.274778674826446,112.74041982144284
70,2582.4574746102016,133.23292825798023,52.893082617555564,-7.2661612040922465,112.74158168223504
71,1073.2248105318963,189.3109197071081,37.51562928846167,-7.279157395523341,112.74983082329899
72,4066.1357666359368,159.58951671052472,38.74983663431685,-7.273952310867116,112.73503680850703
73,1088.2934365888816,275.97684360484675,71.8709004945107,-7.26900554721577,112.74870724503953
74,629.6049274441588,178.6896026555039,73.8634339032114,-7.275963049514448,112.73702855806893
75,3331.4107281019574,113.7860929547961,67.84261367965684,-7.266200629158154,112.74704903470308
76,4740.075096014309,185.51068980407064,23.82932190899794,-7.262567341473334,112.73814526746698
77,355.8792439587636,98.47656468428607,71.10198101179866,-7.2752248989246535,112.73504095264454
78,856.1395921999041,101.38965564779451,89.60748854170117,-7.274347927855775,112.73412510709579
79,4648.995364602841,90.75403393360574,69.10867818489575,-7.2663310377130115,112.73158831206878
80,2345.6937233981544,147.18752131122804,38.88333776489659,-7.278544194246003,112.73238709844654
81,2625.7232286743747,185.50348767674228,75.03426635018653,-7.265020965752553,112.73897778882593
82,170.62319964350576,224.30286489251307,24.662698669903172,-7.262491435602011,112.7457536409265
83,1306.2445922423876,171.61512260878067,63.858653848474475,-7.263677476106558,112.74833800685161
84,3925.083879883551,283.5153495569791,34.00874415860713,-7.277957069997772,112.74753433190811
85,1780.7834599649123,139.98785283607464,61.41003651226312,-7.27691348191341,112.73949222407819
86,3029.9349242059534,242.63377666948244,43.561579846978745,-7.263540440408591,112.74800317412753
87,3920.101459759102,147.42110523002935,34.06868073153679,-7.275675028001476,112.74908186138447
88,2340.319011794444,127.02871616164146,99.11558874640109,-7.266439683705213,112.73227280178014
89,758.0256695865063,224.83987346704671,52.54295051676828,-7.279749675869803,112.74363880825739
90,1343.374312657242,77.13071871831576,85.61863527570331,-7.268005083962728,112.74162149772782
91,367.2576392607422,257.057850578031,73.60749341437956,-7.271792625918345,112.74045598655817
92,4406.218084935128,130.82314213411073,43.459301151335865,-7.2677284648712766,112.73090052727889
93,2212.4035995842846,140.62986447418683,27.342142745688484,-7.267183954362955,112.74177961968348
94,2221.6486249427,298.7411007173015,97.76092114835977,-7.269878690209429,112.73274033393547
95,3224.1622264158095,139.6875924180455,53.95338550023144,-7.2606991608298355,112.74631168278457
96,4112.296144602629,274.59180850774976,55.853083093245374,-7.267349769291045,112.73570156142529
97,2281.478298888171,122.52679090690111,39.28101377745019,-7.2627148862031365,112.73575430500816
98,1469.4935967624406,64.09274249289355,68.91651551957477,-7.266815687481288,112.73605482711186
99,4840.450122804895,273.04715333054367,65.07615577526906,-7.262048540126104,112.74235478510194
100,4462.838593584504,133.8566141074227,47.498443769441174,-7.2754779401542375,112.74566944812014
101,2072.3864609727125,256.9827745676187,68.957623243326,-7.271011461891324,112.73033672604788
102,4890.985321892558,97.98039099623033,20.276673714292226,-7.270251714038387,112.73038461003217
103,515.454870613243,283.92850184853535,54.28384153011291,-7.277175483346352,112.73325838905619
104,2923.674272426561,275.7858991710985,69.5780266340536,-7.2713511200648595,112.74789576956002
105,3222.644195347296,133.1293184889749,41.10488630732061,-7.27363869938282,112.73302568362398
106,2309.7262580445404,235.86014019577192,50.45166200477738,-7.261751228921663,112.73112641631248
107,2379.2116292497653,106.39240157696165,74.46997406861675,-7.27198200552405,112.7335601845741
108,2018.0104039887915,267.37080444502004,64.64431826908097,-7.265115998909567,112.74728575207025
109,4960.845156590995,260.1356771205702,70.43645941132183,-7.275572339240903,112.735606164287
110,2540.8285732566687,159.8064062178741,43.34710221785693,-7.267648097891743,112.73054444219252
111,3638.331339169963,137.58196205754928,22.764348011357065,-7.271506563630752,112.73156649014317
112,3933.8802228158074,140.94151301451575,48.900816947184396,-7.2774308684062206,112.73125617960854
113,2183.8075991721917,71.50321666615889,49.363655478060494,-7.262368415912956,112.74344406886482
114,3341.022398958993,195.95645680021852,32.68307348391499,-7.265435403317256,112.74196061889799
115,3318.5920454733546,78.6206166561275,34.61487487379308,-7.274115328740364,112.74916133445338
116,866.5092818215408,281.969332555167,45.77815158818076,-7.2606347759387875,112.74534682112728
117,315.26996513547454,273.45024103636416,31.54705536620627,-7.266508510726302,112.73992811954413
118,2191.205849469266,65.84926576730659,44.05309097394881,-7.26425316334109,112.73117293278035
119,2960.022531887587,102.92608993442312,40.18153447259117,-7.269742610985968,112.73715561096279
120,1222.7148109080097,114.44095899252893,86.9991009643322,-7.274378733590935,112.74106383430087
121,3361.6589207497796,143.22592333587974,34.85596111210762,-7.274675628242836,112.7430023773223
122,4406.355361849359,64.17351998404811,63.67393160098746,-7.278507141885398,112.74197085798109
123,2972.147583877311,73.77263369149719,25.857543643302463,-7.273329712145292,112.73490992452665
124,336.3099176313077,290.213050368303,33.154091490576505,-7.27351466748201,112.74226312870829
125,2733.54537310956,232.4546069606414,54.997217481889926,-7.274163614269094,112.74282783039997
126,4949.678125620402,290.4796093109667,25.72225922733071,-7.2638397945317275,112.73185202780296
127,3824.409148776744,74.75741819922222,53.49002120423507,-7.279619836862702,112.74466954710631
128,490.5947793158966,109.95883697025496,30.73383723384012,-7.271644834777609,112.74016655527527
129,4689.396926438906,89.62781043601031,20.881622234778867,-7.264817449931529,112.73098266868635
130,3770.10102275612,179.098653006036,34.47173981912848,-7.261502793654984,112.74712057416555
131,1729.492411454148,187.06689871529233,68.82442436755116,-7.276722604545202,112.73673772825377
132,4877.61995012074,148.06915196982573,31.439490690866727,-7.275596942787876,112.7370413722133
133,1124.9047497517377,250.0482463753442,40.940396427618964,-7.276228381585532,112.74597199614156
134,926.2945116138784,199.00096728903404,78.30288974132426,-7.2605320628369565,112.74004097634779
135,543.3833670979642,222.7683573147081,75.32576097443928,-7.269316054181662,112.74388447445389
136,1868.9254975375804,189.3557830738939,20.96898542042471,-7.2782851348485575,112.73137388300678
137,3734.478576624964,257.12985969063755,28.250471863985133,-7.273436511827275,112.7433457116008
138,4986.72589069676,294.109620135104,30.65476614518415,-7.27523589341402,112.74691177760934
139,3176.2111735877816,78.87775596874303,47.67720970205304,-7.279575743416356,112.74314744467958
140,4500.186628945144,64.59071265814649,49.6112050627564,-7.2689263182635875,112.73394684329645
141,577.9655055385784,279.1958314633557,70.30044911426864,-7.278958033972573,112.74147765403463
142,166.20525757123752,224.5999127029909,99.74873673711603,-7.273642751243808,112.73198745634943
143,1713.9378404631411,63.5472221315855,63.611712086681095,-7.2715727408220445,112.74858122028948
144,4503.663164704994,213.85772838933104,54.73456067825599,-7.260059259583557,112.74932207091838
145,3390.7655712884666,237.95098339398373,50.61262586069974,-7.279389861470733,112.74047193036995
146,3026.530337440381,204.19684782337595,43.503527222551526,-7.260026271848962,112.74112355023246
147,659.8931652815002,126.55975443093337,45.10068159784509,-7.260338242560513,112.74356179660126
148,3654.1556367311196,99.30481898816467,22.336030780977538,-7.266111907467566,112.73536784076997
149,2531.4668828642357,141.35167673084402,72.77203322574846,-7.269990477038784,112.74140846452542
150,1522.451404870258,288.17061966118786,29.447498014023648,-7.268328275586651,112.73740768173296
151,2910.6046125044822,117.87699568191185,35.50017560527073,-7.269924155656729,112.74767088656004
152,4496.828123523457,66.00556410003496,76.95364763027999,-7.266021690004444,112.74153515345743
153,2457.606177414926,97.85435928388102,60.69903476046808,-7.273144745600722,112.73194756413416
154,2082.4229003592454,78.74639372324265,69.27334696469435,-7.271452905285634,112.73133080320058
155,3098.345620067309,143.23607915016072,25.003132862228643,-7.27922922514489,112.738503416926
156,2486.476464209127,73.5763260695442,71.92476149105224,-7.265854030340447,112.740037085203
157,3798.817119418531,152.92186688125713,94.3098798080408,-7.270034839306418,112.73079766182974
158,571.0089972868443,139.87937337247575,59.34485405576217,-7.270990688305236,112.74429113752554
159,1392.967080270099,281.84799429579755,42.37890640286123,-7.261747111228582,112.74525948334554
160,2894.075827431467,276.63765579852964,62.33675423608531,-7.274289281310814,112.73884845245847
161,308.63001470377884,68.22035234271866,97.46763810334608,-7.2650349339701705,112.73234700593994
162,2991.703843441337,118.86934219935051,25.354864420494163,-7.260846445318044,112.74160753094374
163,524.0268537261411,195.65446779980434,66.19104661634938,-7.268733154343625,112.73053163015057
164,4820.773040104334,128.76812217753263,96.11771407024118,-7.270126527691118,112.73666797499175
165,2899.676567740232,224.80808871194532,52.35573602919736,-7.262777967420889,112.73190740423195
166,2003.8423284147789,93.96030222999755,98.84761657792995,-7.261851780377985,112.73065008739248
167,4166.194742116213,93.51044926457858,50.68887997946283,-7.2799926155827,112.74279682368854
168,4325.83364407654,196.4255509103765,86.0413150952502,-7.265439277850322,112.74155461746854
169,1654.190694370473,273.35893823309584,65.3804478176517,-7.261316566430886,112.73650085106568
170,4164.404037606615,228.15263929491897,49.93164324724361,-7.260324021859083,112.74447530526037
171,639.0378090242535,208.19086755550683,75.25608598645213,-7.260194661094992,112.73835099528351
172,4316.020054155544,123.82164030713034,54.43916045760599,-7.2691318434633505,112.7353607007865
173,2135.063340079266,65.56732229852003,68.03591774792167,-7.265520942549924,112.74581452747827
174,3068.983157463581,211.58256446748197,40.5564110302915,-7.2797977790352775,112.73804087478294
175,734.2475021708783,203.56595697871887,21.04328211647224,-7.26836790486719,112.73892407324534
176,2406.751958581568,118.55378697004087,58.017153429001496,-7.266621724441106,112.73612922047158
177,4974.066327828989,155.4763244520754,23.66418225434223,-7.265545408616302,112.74456569944577
178,1254.5901302841733,136.89984572180055,89.0869384191271,-7.261432814738386,112.74544409523153
179,1036.5987968984707,177.78986279419473,78.9335003637633,-7.276601533156924,112.73865297467738
180,2931.5338224111615,120.88874391425351,53.550587980021845,-7.265579562824354,112.7365253372514
181,284.874660714971,80.66355012493503,66.24408823016726,-7.262059775109659,112.74772649939817
182,3324.337908465854,286.12475669084085,58.02717199036523,-7.2770573017164555,112.73240241844493
183,2102.299848677454,252.67603837429712,22.11763816195522,-7.279745178113835,112.73233704735308
184,3379.3145632214687,66.63583645550582,28.416168623463662,-7.27715052835093,112.73750882599138
185,1310.0989334528886,243.65617135621287,47.366812340094135,-7.275502448800856,112.73489477316636
186,4407.528364338423,214.67672816486015,62.51881059976242,-7.279687741394295,112.73513347192608
187,4081.6064419737777,130.91617041099497,32.0763750626416,-7.278361341327907,112.73255881267748
188,130.5637987389977,242.09846548692278,26.984958027112214,-7.265050181268746,112.73952691922266
189,3906.6666456416187,243.32135415041648,93.5585219683488,-7.2645675369296425,112.73326211793393
190,1811.89885955633,118.33932950273748,61.94209754995826,-7.26282680967695,112.73331589582911
191,2586.0928859185224,219.36314854126223,79.82743781883497,-7.2763635407483775,112.74321232870356
192,2378.5405026124863,253.25965925447582,39.35030991889291,-7.275787924965325,112.73988963851694
193,2051.6431557486885,159.36332823111854,89.721290922189,-7.261377736948101,112.73249126189681
194,2528.975373812549,80.84222446908154,86.01379292866861,-7.274468554446781,112.73359244694105
195,1260.1812070234357,175.20739202409544,21.100934297604653,-7.265723596710919,112.73385928552788
196,1581.1657118637565,289.5742613758151,95.79176424261827,-7.277104910934535,112.7310837695077
197,431.3032366066675,156.21312713677875,39.50770166103852,-7.271984960469345,112.74699254111903
198,4971.634754997121,201.606575685881,85.08890055416613,-7.274179217975372,112.73244845081211
199,1213.8568146077653,133.94091769698053,33.758993498364646,-7.263995169769038,112.74199774660572
200,2727.4073194483294,251.4176712268282,82.96985576086573,-7.277630901199771,112.73981267053048
201,538.6493138745134,180.6309696876681,66.18469845073543,-7.265659711600835,112.74913810499699
202,2885.724409361734,136.92682850793346,92.2547838803215,-7.261585016735559,112.74761145753587
203,3206.9265662137445,204.7239699552381,23.484204062661107,-7.279219378777668,112.74592585370578
204,2138.8765586161653,202.4640311285898,29.98556550954584,-7.26794035083058,112.74089986332135
205,1780.106755979061,210.5494383410066,63.16553457544272,-7.2649723250677996,112.73249460276003
206,1999.6319417181544,262.53550092044554,55.79807230697919,-7.275278767115084,112.73365521150686
207,3173.412367967768,295.1497238543178,61.19294985656647,-7.2749504680726345,112.73977726628522
208,4623.5082605038,212.99996021879417,97.02992514030853,-7.276835157123066,112.73220916323237
209,543.5709669433451,74.14064285628105,52.09730436661389,-7.2771364836023915,112.74275955138847
210,1343.9663162768877,169.5783916631729,96.35292754370896,-7.27026121426728,112.73981178619007
211,3473.783533146857,195.10875542864963,97.30530506438562,-7.261173498619753,112.74850037560624
212,3931.7580916981947,142.63792087785498,30.950864882840587,-7.2635230922659755,112.74844845267256
213,4839.967749296298,102.92672260908483,57.54535708905934,-7.266775913115092,112.74236900633771
214,2762.4060082190585,102.611576766263,97.52533957941664,-7.2652636541300275,112.73289610089893
215,2032.8849956046795,263.4793015392136,95.37962099697748,-7.265810716346209,112.74622254302042
216,446.75817253082965,172.4354698581047,29.184236438691038,-7.266872051306041,112.742393420743
217,2765.7438338459024,242.89671785939845,41.24687477139272,-7.275286137919347,112.74195097538775
218,3747.9842960846295,258.4101713255812,69.9095630078016,-7.263708816986572,112.7456142563932
219,856.0108881757117,99.49258361164411,38.363008128426586,-7.260412417396989,112.73283265428184
220,852.0754103572161,203.2181115373906,72.46202284158841,-7.266888925310435,112.73878215009617
221,1869.0691282572184,140.07103274362973,61.403634286787884,-7.260152106816755,112.73681482123426
222,1350.428245817521,121.34158617488843,70.34638216872428,-7.272053723354632,112.73611115806058
223,4152.643460979294,274.4208686180973,91.45257462989836,-7.279620025447384,112.73387326855574
224,2637.56691221711,218.12883524613375,27.71697816243438,-7.2762831548106925,112.73051760160963
225,4048.709368770164,210.0085970051478,30.1262010632517,-7.273947077399775,112.73146918538478
226,1185.0416674362882,198.012652787942,33.5336046750665,-7.26779134918412,112.7437069347817
227,2565.287008855141,143.21436314816293,48.662048155081834,-7.266650064583709,112.74601081192677
228,3438.346921776319,266.69533080635847,72.17146377585047,-7.263363234020937,112.73664639473581
229,3454.3296548586054,156.92480458898225,27.225750906654547,-7.273266981169267,112.73349869649773
230,2675.6737331518298,163.60308582178425,31.233953377724397,-7.2620453011912565,112.74990803341295
231,4082.8926440014898,286.58018497298076,94.20356880544544,-7.278211185203299,112.74392622148082
232,4720.249221617142,215.17247940360377,34.34902291840107,-7.265403571898784,112.74543077064496
233,827.3353515557567,62.91157572943095,79.0310775520176,-7.279878498424641,112.74734455424392
234,2350.4650351988926,263.1182277826563,68.90051300901641,-7.276853986769483,112.74148913266733
235,1976.7251610948697,95.10194403985656,85.12444003741051,-7.275035226381023,112.73972748077745
236,2752.3719362860093,114.6627805447124,30.521304413138132,-7.279006090741949,112.73263125506634
237,3669.7787839002362,281.0671036958555,87.35245843047062,-7.270482510011163,112.74185256835224
238,4599.4445378777755,181.75670440006542,55.90833602873201,-7.268604107878006,112.74369688037028
239,468.35889596867065,155.1956387224377,36.714948658418265,-7.279676459626519,112.7401345070768
240,4743.429236859908,260.6733834408681,56.939038238191905,-7.26549239055263,112.73970212993791
241,1427.2118322078536,80.38591409053697,54.81705662929325,-7.2732582147597755,112.73053708028525
242,4543.020590778036,184.5382803440971,25.189626567251082,-7.276421246582528,112.74386398509401
243,2127.632406004126,237.08458662372402,44.85093245579884,-7.265935823596826,112.73576462964353
244,2281.4461159039297,277.3997613719664,60.16373283225769,-7.274169341340547,112.73543213516984
245,682.75321934644,150.01627634823006,74.81070487209438,-7.275121445920536,112.73546463331901
246,2943.892858625079,154.13386384813876,70.9672925710258,-7.273481147326273,112.73940363325329
247,3273.1937643895094,196.26896513698875,73.93790193570648,-7.276613179584681,112.73150126284176
248,2366.5262627932857,183.5458242332707,76.34588263764482,-7.274536576168553,112.73339370573062
249,1664.1508570254193,156.4678884817681,53.45598864214669,-7.272180793831582,112.73099033021263
250,3604.4883888606205,116.73146644029717,82.81624785055973,-7.266458367814123,112.73219591927129
251,1203.612007334823,261.8558727470446,30.49318050739176,-7.271472421671709,112.73915119415672
252,3463.0633070599893,162.89189471831884,38.66859297184859,-7.277638498702544,112.74870842553531
253,2592.5007379811577,92.12468710459214,48.081695507787046,-7.277302510069638,112.74468183423066
254,3727.9109896373284,134.53921880956642,42.882545990377565,-7.268597817495667,112.74717760874209
255,4862.353968352426,256.4091018151273,29.00368570826671,-7.2678329806774045,112.73594851861988
256,721.2425265310724,270.07581112350704,89.4767498030893,-7.2647337586528415,112.73805162140968
257,4803.990362049398,263.17276083962946,21.87585475932652,-7.261919131509067,112.74407599576047
258,1905.83361636963,70.2940991634798,83.51290463408967,-7.27184760450781,112.7456262867312
259,4737.345795235646,152.8959822559495,83.65820019383773,-7.273929880854361,112.74098645226245
260,1708.2265136822996,223.13155005890604,99.83578297322632,-7.279796003816039,112.73088323380168
261,4873.830083392304,135.79984624081786,42.496558371475004,-7.276833344145615,112.74487592520657
262,2276.4594009921775,188.2233056789747,67.35993831768752,-7.269016676924637,112.74176222264845
263,3684.0897428666362,216.89272127665242,42.28167332260044,-7.268901703263886,112.73567358222904
264,2385.398981621624,209.22574652623075,65.90694581036226,-7.279892011636214,112.74517337819363
265,3381.5555637146877,123.44149211322471,32.892244462882296,-7.261629804739827,112.74130516023642
266,4874.916017322371,201.2621318341879,82.05764167817772,-7.279075190089753,112.74179761886394
267,700.1417620455215,90.78206229072947,37.59218019347657,-7.268173486722429,112.74655074187031
268,2490.9864497348913,98.93289029606694,58.06650063658748,-7.265904524859964,112.73325317995064
269,3833.4726336912618,139.11552394846694,57.75502596086574,-7.266730026639776,112.74647012521748
270,4191.200470894533,197.51916888907385,66.27054218276464,-7.2659470892660645,112.7428717242554
271,2415.994901180326,142.0104717890078,30.31365966114815,-7.271796794722528,112.73198444536614
272,3101.302457479865,154.40891588830863,45.18232162565801,-7.276043559582373,112.73034685143732
273,2060.7195923292484,72.9158564609586,22.709527327838224,-7.269583790203337,112.74605944208805
274,1076.8498560716384,262.2099590038358,60.28338031735928,-7.26479027806251,112.74212846088687
275,4225.3260192226735,185.1462751575077,33.68428170447303,-7.271307089408421,112.73792040808624
276,2226.1777984830314,122.24566102705445,35.40058813173759,-7.26268481792758,112.73439278514952
277,971.40457683986,163.62986539685392,47.19577570529346,-7.274580509873527,112.7369406907564
278,2655.814936258202,274.7309491777253,69.3890316014482,-7.269449330660838,112.74433215498681
279,4073.0947535631085,254.9639972057725,37.44378918380485,-7.266157088998028,112.73462482138206
280,1704.7604776389962,189.01129959034373,43.79533198624308,-7.277883413993171,112.73765976504765
281,4312.659467972319,272.98025663423783,40.47721863632152,-7.269855022923843,112.73674506439076
282,192.36798800063477,220.44003911224223,57.4031544249172,-7.264322671932602,112.73190165186412
283,1058.2783878604907,156.60455710555175,37.49280017148463,-7.271609542332932,112.74285734178099
284,1555.4992596866916,108.35187101212442,89.73337197551707,-7.262979954259669,112.73203967924749
285,1927.1242275825869,209.78929492984105,43.61437640048379,-7.265681009910262,112.7377144072834
286,436.48673135579077,155.52715956429074,51.86631141888122,-7.269194657988606,112.7340925284204
287,2475.6646306305483,105.3768216935704,65.92638408648853,-7.261694408837876,112.73218069534923
288,3810.292212946687,208.0191720799719,46.74709748886512,-7.2633286931711245,112.74849915778539
289,4392.086978119155,280.7478963336272,99.06572319061092,-7.274422020566935,112.73502653361277
290,464.12849573948375,138.44067513587572,88.07130998855202,-7.2660456739804395,112.74749913019058
291,2148.960680148688,129.23594289318342,25.48841831675552,-7.279111400152552,112.74541290404903
292,1506.6809324410212,61.69313792621992,83.64721073065567,-7.279544846449462,112.74096493401898
293,3783.0940023998096,155.77849391976335,91.52852752986519,-7.273368843761897,112.7370317711199
294,2841.4169447975987,152.2899534557696,96.74449020662794,-7.279958506863464,112.74209828129277
295,3871.937218475038,77.12240674752061,91.65436363936949,-7.272364530687719,112.73216022035814
296,798.6109357480207,204.28522202185425,25.481579099144618,-7.274266563462579,112.73149022641064
297,2788.9562487774547,127.79592294828325,56.308282949013574,-7.260461995173709,112.74330840011697
298,4614.665666684538,113.83588592020598,78.71365230358882,-7.266069396005016,112.74607595954012
299,4519.943525033467,118.47909147967238,94.32093702035208,-7.2762808686038465,112.74603068556331
300,4539.960672461151,265.28236447756365,49.44451147965453,-7.269825810600936,112.73711839949664
301,3545.019240321809,289.4870600774005,55.933212538564575,-7.265209437375339,112.73762281724062
302,642.9277869277021,148.06600400055584,87.22321370165871,-7.260685916688378,112.74776410092178
303,255.1136831115897,272.33375666865334,33.47349921148893,-7.267975082665568,112.74111511396445
304,3428.4464605066105,102.48693786275624,62.16902473677515,-7.267869714919862,112.74398817223643
305,3872.966454488336,258.78326932021696,89.95265163770875,-7.261861131265611,112.7398604981619
306,1650.2583775885798,231.21162311291422,50.276957363350895,-7.269646009226964,112.73734160281671
307,1110.3983363030388,63.2929782564473,60.30928251959324,-7.272729421675236,112.74910547154076
308,1628.2931013262544,129.37344265117792,40.22234948460647,-7.269999746189795,112.73365789858559
309,548.6618928650784,94.5418049527114,39.65623486192715,-7.272715269082089,112.74713729382691
310,4936.843262299134,124.10859164464573,48.868095315129565,-7.273964167481304,112.7301964668976
311,3858.7355066703904,241.27236138022005,21.42200905493773,-7.273131650824938,112.74214300991044
312,4658.827489852302,94.01356011719872,28.09366554524658,-7.262732832721443,112.7409986016079
313,1986.5043746917945,200.75088348583213,89.17133922445453,-7.2681031042151965,112.74367821086389
314,2893.4135061742336,293.2524920994215,47.94450670889408,-7.275935414259451,112.7466680836941
315,461.8260142476405,99.30617427348743,40.90192816466696,-7.2758964104223125,112.7489464982574
316,4689.749077000384,236.26920778825274,30.72496246131361,-7.274752967475027,112.74583738029833
317,4886.785985584097,73.46057475676008,63.92711254574863,-7.264309846438435,112.74718318643015
318,3579.4809047210742,76.89901031616805,77.58910156309517,-7.273249586186039,112.73691481030714
319,3122.711289663417,284.453701665794,45.30144030732529,-7.26981350010089,112.73877464316506
320,237.3478948389575,82.88915624660908,97.73617402849554,-7.277034237476551,112.73247914856852
321,2737.8506065461106,241.48989943900798,98.63165912262414,-7.261219994798168,112.74242291982202
322,2857.1901535190927,299.93228864293735,77.75047462559424,-7.264181275663925,112.747486243865
323,2865.1367268833437,90.04469261942909,49.98975465168854,-7.274603593915012,112.73105704526304
324,3843.9916110778786,247.86697646073225,95.28584007972691,-7.263110250954161,112.74836942369446
325,2538.819145459938,284.3681634334674,78.07990589346436,-7.264172944164493,112.7421009359121
326,511.6635011976348,204.52197935479975,61.44286978746376,-7.27153587568723,112.73575897198393
327,4245.404848763812,136.6715074725305,30.27918090086252,-7.276121241366457,112.74499118312862
328,1101.636611128456,147.6521739593628,77.97227666083245,-7.262226762156205,112.74071355390876
329,2498.4742241532267,68.83420118574415,77.90166402091822,-7.266276602999172,112.74855416448473
330,1342.5511228838573,154.24069870351838,40.8288426430268,-7.279212727446818,112.73366113124659
331,115.91741139651316,166.6962075134787,50.953889106066256,-7.260377881561366,112.74936741499748
332,1906.82915805332,280.7731576234501,47.50225259274275,-7.274690474652296,112.74838620522769
333,4713.893337297826,92.58194169271877,84.8913314818114,-7.260909756221521,112.74234811198058
334,1662.0282201040243,237.04589037709104,79.94549462261543,-7.26986211647845,112.73038339496988
335,2239.746373413439,116.44317365802743,82.0995733529927,-7.268981564165014,112.73726496572978
336,3414.9860308705806,103.0495784107319,68.66896020806189,-7.264804607426586,112.7348365662981
337,2975.393107077954,283.5815377376299,86.78674140364963,-7.264561970382881,112.73905373568292
338,4395.393244472057,234.63613025922305,34.04583275786408,-7.268107940075159,112.7486828097291
339,1795.019191727611,236.45460907460608,57.669820909618636,-7.273173324533766,112.73482566672152
340,2250.4275940086877,231.7463665492848,76.40139338735139,-7.274848657691468,112.73324568605327
341,1574.3947503943905,62.853560103547665,37.44820322975463,-7.278525413345639,112.74368846673924
342,771.6629619577869,122.25453674334915,45.99363129387829,-7.275301387855947,112.74521823751182
343,3868.801740531611,141.13176341057783,84.87028318734785,-7.265471296680396,112.73538126951132
344,4969.975912086931,227.63429584167076,40.07325932789666,-7.264830094220016,112.73415397752629
345,4115.949979208889,109.54089619500296,20.640791079233615,-7.277571463532673,112.74870664577432
346,2478.674687125559,165.0976677148785,93.87654870073655,-7.276664685626007,112.74176676292153
347,717.1465980097792,216.92986485931368,78.8489688741579,-7.2646389182895,112.73472286297154
348,4830.578568428212,160.76599551832692,63.91821382000216,-7.26535064018877,112.74602973333728
349,674.7722370407171,136.91576228310674,87.62079233791083,-7.27366823045316,112.73018604437199
350,2460.334362726723,251.24811892615233,25.372919451564897,-7.276214617810977,112.747669314962
351,4469.114693407835,202.41788927683322,99.17435686575372,-7.273955599116983,112.73813101372623
352,358.168827580333,204.86587721230862,58.69629594112351,-7.274834086233557,112.73616358246248
353,2222.7271600602344,61.92242956049508,71.99723970815931,-7.277905635808774,112.74359930759266
354,770.5530015454932,260.4223998896807,94.40886564768441,-7.260831393047225,112.74383269876304
355,3756.1088122517212,99.31516874788402,37.93287274222453,-7.270479659720198,112.74692339789152
356,2665.8703650588836,179.51001964480636,22.43208985044862,-7.260030853442705,112.73955518938746
357,1348.112305790257,127.40556807952245,32.28752727835275,-7.272275905512972,112.74123502088692
358,2472.7569632842396,169.74740404296395,74.51558642408358,-7.263408429601512,112.73512885493929
359,4622.195314370128,162.54281122811196,91.20994675870091,-7.264636892247868,112.73390936103621
360,1656.009357744618,245.55747639218987,93.0983713367586,-7.267269931117984,112.73687482953814
361,1982.901757210553,115.636555393248,68.47471624145363,-7.266409898167164,112.74751453292252
362,3859.007020544657,224.00312539631778,57.68215319769135,-7.262928185012867,112.73868707853167
363,225.7674651737093,70.77012260862813,32.05594392368144,-7.278436510781331,112.73212630190409
364,1381.8943922575236,97.32587778131854,55.92688819401445,-7.261357557230334,112.74975611727325
365,4437.095441007616,80.29523514431361,90.84890232308668,-7.272976350686812,112.74194458257209
366,2190.9634783722163,254.0381750994102,37.72266686188259,-7.270021765506241,112.7422258931514
367,2537.3008835239043,80.39566358511783,38.71769159451783,-7.263985158634448,112.74325684911334
368,4994.109514889748,185.96533530338746,46.08317688546911,-7.261382348129983,112.73008640887406
369,3793.994136928291,298.2701678035036,89.22966390289484,-7.266792681581967,112.74408194850326
370,1130.7207793937428,135.7573585394348,61.11557461261812,-7.265760211104498,112.73899200671404
371,2163.219406987919,208.98991724914237,48.41789498928854,-7.268560648575493,112.73171482593325
372,3350.037000208924,203.37124428603627,28.385894519539477,-7.275592587199331,112.74461772304669
373,2252.3513432348104,278.6013562360863,83.22709390807725,-7.26306699470119,112.7429427178571
374,3263.782166456056,169.49887739749056,96.51998201933468,-7.269410280084041,112.7374866362191
375,614.5819067985827,186.9845793565275,67.34482606283393,-7.276213309522394,112.74216630509919
376,3858.426383421642,220.36529413890258,50.86865919400416,-7.261267877801861,112.73470921772869
377,3958.3713868682958,113.30395982242531,25.430527390168916,-7.278660507245722,112.74885176730463
378,3810.089682544146,101.28122643528432,30.10682868413495,-7.269555590490722,112.73291803063368
379,3927.356175510231,230.68895229414838,93.79422494789857,-7.276454181491429,112.73242860387893
380,4252.636920437219,99.95717989100228,28.0620493562186,-7.261520872285555,112.73639083540039
381,1500.0523067981142,202.71573259379497,68.32951074856359,-7.273008826471085,112.74214642119577
382,3132.939530554676,131.5466184800792,21.53041050960678,-7.264390874020955,112.74813858209176
383,3202.6059308499753,246.78079709324277,72.30572957993316,-7.273760639460829,112.73152220770103
384,182.30074142179996,270.21873137959585,99.62633873039701,-7.276380144507536,112.74060806461881
385,2229.8790265408907,206.25647032122868,85.92494007474444,-7.264181038560403,112.73906895606626
386,526.1175407783257,212.24423884558772,31.77407168305761,-7.278447877570657,112.74132401859758
387,4007.6842960771723,239.24287214560897,84.04107801323772,-7.266767473883993,112.73565701116338
388,3262.7342348981965,161.33376868727942,41.91736791686732,-7.264884359080636,112.735605893287
389,2000.394636962511,82.38436199171421,21.785388390162197,-7.2771397023677045,112.73255392818756
390,1262.8345780694112,281.0472812653528,34.89362061939041,-7.2700415048667075,112.74323971728934
391,4332.065797645374,81.6011068670479,67.93056747915693,-7.274187280137539,112.7435998580924
392,2519.8717685262627,62.105313499887586,94.70321463783874,-7.269906633607365,112.73699308187473
393,2435.0273385492205,140.26396793240033,52.286225383675614,-7.276585136357196,112.73849075375347
394,1174.1621228921838,172.96274208955754,97.98615693647444,-7.276484885348102,112.73439602334872
395,3541.307586498997,168.13945860702316,52.822129694167906,-7.27666970373538,112.73777052016398
396,2482.2614814080594,138.10964323344422,73.49934758783539,-7.276751613037745,112.73885602270413
397,4018.850835232538,134.35062418435396,79.33495888727138,-7.271310534266556,112.7372028943271
398,3465.06494390805,269.4200048089957,37.214935056898845,-7.264061715448626,112.74263901447453
399,4040.6074724762143,241.09398849924423,28.231308533967603,-7.278317893433381,112.74266071631304
400,2912.26827478626,252.80207365471094,52.61328594301746,-7.265303740106007,112.73726870042566
401,2799.2150577678694,209.590902552473,20.388331025586393,-7.276076422822377,112.73680243055799
402,100.59623066476573,245.96617279168052,99.26176390429808,-7.274703156550524,112.74843268402988
403,2210.371634089625,270.22142599279056,39.225784858870725,-7.276841895034153,112.73670144042649
404,1057.5753750459364,244.9973039634569,92.53604589783384,-7.269176279751397,112.73352864796759
405,2162.3051709222404,61.195734823543106,30.965963466593713,-7.2723291316942635,112.73439365882938
406,1693.3067611177262,280.3189176784002,89.70254913560271,-7.275197630051425,112.73375875793351
407,2326.7512056917185,150.1726308589911,61.15205406148172,-7.275166969325848,112.74770082574138
408,4602.28309564685,210.90376441769,58.85338867767256,-7.273542929659593,112.74448862978888
409,302.53286505780954,233.31972914549502,63.757248736984906,-7.2702535305564915,112.73980507134254
410,1545.080107046378,254.47847024590115,26.930542926196974,-7.262982464243845,112.74644024993151
411,1822.3880115016584,188.25770844590338,68.32678623649652,-7.271608543837677,112.74877742979346
412,3999.639611175278,154.567036368928,51.302869883545874,-7.273008972444515,112.73328226817111
413,4209.194677718104,230.79057638208454,24.077288644308197,-7.273579158803856,112.74239786185008
414,3424.972501929539,230.5926803928566,75.4280098609261,-7.271974148842916,112.74107872362104
415,4969.958006169373,202.94523763573903,60.37716127577434,-7.261354693285389,112.74715010117211
416,867.3846326240687,115.83577640493323,75.8090887263743,-7.279465124458158,112.73165012551213
417,4084.3906559323013,214.99608738975553,95.1934898389878,-7.276230689393309,112.74906910979053
418,1795.3408643944279,63.425172395583225,83.36588859274107,-7.26905264638763,112.73757622265218
419,249.54997678155212,168.05680440468223,61.92612343984522,-7.273501888001043,112.74576449909311
420,3613.944097090825,66.2029776254169,36.63829137404327,-7.2711301984262215,112.7418102974244
421,3986.6646540611173,109.2560017411711,32.30150838313034,-7.273155753285607,112.74475168209763
422,1936.935758921192,69.22626197544835,40.33663692820821,-7.262557457990382,112.73347781411586
423,743.2658148583105,104.33215322039797,25.303123763930504,-7.271127968924959,112.74296976935895
424,2470.2946537260304,162.98379379131094,59.8109138470126,-7.262661060656381,112.74652222515772
425,4129.055751977074,77.3570752795311,54.56134199640003,-7.271489257989415,112.74348190847903
426,1594.2440473693582,266.1774379130178,66.57285940068117,-7.270444105198134,112.73933512933759
427,2233.3126185949327,98.83982699725583,69.54336842088821,-7.279347666417019,112.73620299577027
428,3134.234013266296,165.07950066832092,91.3975738370177,-7.273987178544564,112.73443496962656
429,2735.5695002763614,161.74376648140162,55.42381113614735,-7.260971227559501,112.74018277227145
430,4382.263535473631,240.3351060997573,24.913056368027398,-7.264424711100571,112.74670973797832
431,3272.407119115382,128.23801543588814,62.61135441104053,-7.272129251026474,112.74459623052422
432,4463.4111134598725,209.77956131475128,55.591888093307986,-7.279006584122683,112.74960176832064
433,4190.563649066749,191.06471471501067,23.503957690998067,-7.2623691206073735,112.7311334989951
434,3692.769399063643,275.9938392944692,46.06406095805019,-7.263681996947584,112.73598690277011
435,2545.7554115899134,114.43135499683096,74.62683492165405,-7.263934906737298,112.73267441687854
436,4241.50631112631,99.4409748450169,65.05717189421489,-7.267385232999947,112.73019742790473
437,3650.825869327825,134.28270407706617,65.73960889970556,-7.273581862400702,112.74580323388705
438,3112.3055488685973,205.34902996484104,35.531254761356934,-7.272218955118927,112.74634941698358
439,352.51487245388546,92.60253348539854,72.16167613028125,-7.263619156561088,112.7355371784535
440,653.9157725602639,185.1906929313038,75.1856196492705,-7.262253824519305,112.74536407569819
441,2921.126485074625,152.6429129724439,62.03167689310181,-7.266093218587828,112.74384881265595
442,2491.573998683965,224.82003718681153,58.503677860408025,-7.270167280107023,112.73467495527132
443,4374.184428627945,129.4503917461483,50.928131140520485,-7.2743144894385185,112.74044126207012
444,3855.3935643853506,195.0000627084596,45.40401254206909,-7.2689675736928185,112.7490559898074
445,2000.9389122794807,246.3057509537006,98.08517127252966,-7.2715329952815875,112.74521549186943
446,641.5127873842862,282.383387352852,62.78924397414432,-7.267573090533669,112.74765854884377
447,4479.272528763743,253.36290215253425,42.609704487351905,-7.263994114583208,112.74887731625365
448,4035.297291435519,120.86670117545333,78.40884233613411,-7.266957697812654,112.73252740298585
449,3893.138467222639,244.62662785265852,60.115082669401616,-7.263188824505774,112.74632708600679
450,2779.1736189236203,222.07073403940933,96.692288693016,-7.263958353605341,112.7323451330086
451,1580.053468662608,117.33461522307823,80.52822110192412,-7.2634124992450015,112.7301153294246
452,1784.4181225300138,290.5403214516009,29.16641079727576,-7.263566986798045,112.73331652340882
453,4728.857072940913,229.86281057709638,73.03036900028697,-7.269103866345814,112.7402736704332
454,2582.4658565969225,67.76482644362625,59.899027471799265,-7.270188504197567,112.73244770129497
455,4128.484717330801,240.17582698181798,37.85874938974505,-7.262687546153756,112.74195578790622
456,4881.538152412487,72.70836332480002,66.3899084587695,-7.266233281662723,112.73104149131784
457,2707.916807965618,184.27787706311227,43.37453389865408,-7.266468764399217,112.73839244333263
458,1328.407657529345,136.89667837269238,20.951973476398287,-7.260362006444172,112.74991704234158
459,3438.1460064937187,83.77662472414387,24.55788787206579,-7.26895860810283,112.74468627934212
460,3964.8064774403474,234.3049067653935,38.12951047952105,-7.278361706149907,112.73756236022886
461,1717.243984092419,177.33964150985452,32.578553221831015,-7.277997483326314,112.74119735353185
462,468.16727637878904,275.612327651971,40.22694770577915,-7.278009224820645,112.73711850262404
463,563.2144822055076,69.17445781245084,72.10260864186469,-7.266846094462647,112.73815118773025
464,4946.5045650601,289.2153159180415,79.24461141142817,-7.275311141983951,112.73286935545255
465,2828.039822460863,271.26320544782664,60.43414787316494,-7.273606977972876,112.74055584294554
466,3798.81958316613,273.3226946896755,79.55464738421875,-7.264740901341691,112.74954273724278
467,216.32736774393334,241.85126242732258,76.95479477773304,-7.261904249691883,112.74173537301716
468,2925.4722934306537,74.15585192891251,52.40836255585091,-7.26775565722289,112.74032376540154
469,1957.3192219093744,124.10924720368766,80.31085544650868,-7.262205046156281,112.74330623578246
470,1881.9214239960063,145.22394763229426,93.00756804843178,-7.271423881768669,112.7416401551847
471,2161.9735929999138,122.77946987791353,21.84143175313066,-7.26602327208118,112.74795841833786
472,1846.8715015233806,133.3698157032647,71.03937245225272,-7.26353241466529,112.74906694447775
473,548.2103657295945,91.55618738811603,44.73457450955445,-7.2723637422185705,112.73147227409441
474,1214.7276790612639,279.2581116530224,84.21549909610648,-7.2680979629120355,112.7444451398508
475,1175.133272213087,87.73101362066987,87.66859804854333,-7.27387015428973,112.74249567529296
476,1770.531819002668,139.33719552913308,49.87362009136839,-7.26808172878257,112.73508799382098
477,4253.045714168017,187.43172490479543,59.22560274327681,-7.277911214603354,112.74909297176478
478,3523.637424353712,292.6638768404439,40.55988404414446,-7.26439096958489,112.74321874646142
479,3371.2510651002485,170.07698042005248,24.967545699939222,-7.261352694334719,112.73532066694148
480,3080.601130981955,287.1398073819387,41.7160831531056,-7.277661942916598,112.73987843686218
481,2191.2058273606667,207.60880759215203,20.066345171304025,-7.269076644532389,112.73322210728666
482,1357.1386429371967,172.11615465778561,50.84340030978598,-7.271347565637394,112.73758845296875
483,1237.6308101834816,295.5745207356343,92.90788674849836,-7.274057038111108,112.73154605886629
484,1674.7806817237686,116.47806781501372,25.429412561307487,-7.267539965386893,112.74149596657122
485,1738.0627562141624,289.08381757457397,70.24420058170688,-7.277033286258003,112.74344384831187
486,3813.9678259210814,243.6140073435161,33.28541496246574,-7.2758051768043766,112.73572748512738
487,4890.41989461904,159.72222290300903,44.415437880306676,-7.271897973072068,112.73132134321796
488,2124.216266771571,112.08781673549444,22.018243411732303,-7.264929784107596,112.74843639790713
489,2256.633984518491,178.605361054696,22.127603313654003,-7.2645724427364735,112.73549972810514
490,2305.1528049318417,82.71904911612839,72.1469836223583,-7.271101004189058,112.73135017082942
491,2069.5573417674887,240.17815380715044,42.06777057993129,-7.264177408222274,112.73287666646348
492,2882.2961716499394,248.61696710758096,84.19306286116131,-7.273699611927891,112.74034547894621
493,1702.445694270536,244.42719087948004,79.83173712943582,-7.2713025895745105,112.73843478435825
494,536.7268022802675,293.39933731243525,89.4938913905151,-7.267807655806107,112.73424454874092
495,485.90595787794075,130.89701719899944,20.418532416045004,-7.271320710560517,112.73063389203926
496,2121.5791367855927,224.41479962689158,77.72782968833616,-7.270956914324675,112.74082177807672
497,460.64371627502544,275.53462224351983,73.19781959988364,-7.27688642306092,112.7390397618373
498,1921.6838994039526,165.49025908714606,39.56334463244549,-7.276174150371341,112.74724098188875
499,3601.5886038378203,142.71116227232912,72.58237049991828,-7.270055830455489,112.74730735211074
500,3010.785826773046,207.46143653118165,88.45163373981094,-7.2708902665717465,112.74173259243621
501,995.3757324619826,71.36303881292777,43.39446188477736,-7.27676299341803,112.7380277412775
502,2181.8077317112575,129.93545123949207,46.526726663427766,-7.264167490988043,112.74647513408284
503,3219.362613784165,73.26336375358109,79.61043366018343,-7.276082882517771,112.73975961150111
504,2402.1647639370235,182.18302712306092,90.616392342348,-7.260148707296673,112.74536783284586
505,4825.914604802923,157.02642231072474,45.19151935038622,-7.277122305405828,112.74550541466539
506,4099.309445132385,183.20467452222528,67.77419516595563,-7.279009792587801,112.73008656563593
507,2445.7902104066584,72.41318371465906,84.04523919173842,-7.275432827512582,112.74741390888569
508,4427.185550656801,116.91892158018588,66.5763140707412,-7.276126825085103,112.74106082528421
509,3803.3440721676775,132.70166540551963,85.43454257485051,-7.2614183739259905,112.74508805145283
510,4557.91109336204,281.77492579631166,87.68670308955066,-7.275124168692743,112.74503557585679
511,177.15299667147065,222.46707651316513,51.35479659984646,-7.269326977815273,112.74024922319516
512,2713.5813487829655,278.63577449980164,91.6305990483513,-7.2659149545819774,112.74392416707143
513,1528.0131203704725,219.89519584844706,90.76608026833479,-7.265947873971028,112.74451486277664
514,3275.990178704425,116.29199639983128,76.70943072934051,-7.276038236705137,112.7392780066738
515,3046.250038919789,215.93808712918172,73.523548955028,-7.2782724942380534,112.74931775030676
516,4417.980168441982,109.08889569430028,37.51564368312899,-7.272252812546311,112.7424762328894
517,1804.5375662101671,272.80076125171763,57.019940320269605,-7.260244159775555,112.7484204762031
518,2170.7694305213677,115.68241148608583,22.34173539949266,-7.263656107855992,112.74044384891546
519,3478.7690368323665,283.5908202061139,83.67456614333831,-7.267923709907323,112.74184237197166
520,4938.366070220512,132.3872034953183,53.23548495239139,-7.278882707357745,112.73822293549838
521,814.5920295376638,63.260156726524144,29.781304223136154,-7.277371745056793,112.74731192140703
522,3375.181751176635,254.4234133577726,21.338822262148412,-7.266403890162385,112.73541579085877
523,2863.2537617416356,126.26231649412074,23.58381312071821,-7.269284067009545,112.74388708005966
524,3551.012655665588,278.97401198331625,76.06428898529599,-7.279989772458965,112.7391471352233
525,3954.3752778474372,219.37268826902366,20.004117864431336,-7.2693363072042745,112.7340423586598
526,4625.147079276919,273.7150308165256,47.62502967297449,-7.27980964138965,112.7473957680178
527,2008.7569599445465,187.4047558473012,56.20148328163913,-7.268039496879698,112.74870897085596
528,4498.371081408967,123.2446730885162,29.58150123788019,-7.273752543195611,112.74042541864114
529,2222.4266698742063,174.91766484654465,39.311062337349725,-7.262297259253955,112.7488956526968
530,359.3989105764079,148.39033659106113,52.23544018210623,-7.278291182787748,112.7334285973488
531,4069.9350270364985,144.76097099337522,33.39870349713075,-7.274501895071034,112.73367924445886
532,2985.4136392025375,275.19136989488624,76.6052086999765,-7.278644488285383,112.74578703477889
533,869.2924121765286,203.19947453441873,45.48711917272645,-7.26822778985266,112.73933676884025
534,3900.4408989687436,137.77885904780072,34.259364553543335,-7.271123242604466,112.7407505621634
535,4840.930546832481,247.79565589725073,77.29797786979825,-7.263907860490119,112.74420889934076
536,3507.2423164879197,141.19056695863964,20.81189260437217,-7.2759999035071194,112.74693972388256
537,3259.1532074524116,290.48489271362695,85.67455725110888,-7.270305120206982,112.73116763031359
538,3410.408270697145,106.29375462239821,59.626388154879194,-7.260577636349648,112.7334005292082
539,3300.4798418806936,88.40254158421757,28.488625704133497,-7.260339871099608,112.74767146971455
540,985.5358171215745,267.29737388473495,80.6445027342769,-7.274983165728102,112.7453225996016
541,4750.667797881955,236.20968549431603,47.640155552015315,-7.271103634611857,112.73062976292346
542,4162.129845058935,252.52105128409434,90.09417154381183,-7.278648985380148,112.74508266462234
543,2068.6497622029756,96.99149772831618,47.241018947882296,-7.277685618659076,112.74927697534099
544,3957.0614145140908,70.82979145457666,51.89712450019976,-7.26216263667739,112.74117600214387
545,1751.1263433187708,131.43492926004996,62.878935295163544,-7.272995194568079,112.7443458910829
546,1973.9346107784893,288.10495439363035,27.467299395612777,-7.263057648910617,112.73391628338715
547,255.81160383356846,216.10762539826098,41.69808011989608,-7.266854182677459,112.7450095953907
548,4228.6328273149475,214.08600014966615,48.9681029792228,-7.2677455866908085,112.7348013131675
549,2471.9427439833853,69.1536397430202,58.182310212232274,-7.264924621350349,112.7433226377286
550,1073.436137717928,150.9660572543088,20.648789349576546,-7.278061681298706,112.73359565428072
551,3634.329226092684,129.22724132990763,50.40646571019675,-7.274581767438948,112.74443029266503
552,4861.751251970783,170.84149668454745,94.77865098583293,-7.279423497987213,112.7306556155722
553,3423.533868167526,97.885431140607,89.92089804431996,-7.276820289212155,112.74426648498032
554,4283.659615524598,208.76144474670073,83.05165439945291,-7.270949221105031,112.73520757881512
555,1274.0463790577453,132.04277942014204,43.686543416427746,-7.267019144812887,112.7392779986372
556,1323.2814780038636,87.04140624056568,73.49266271646837,-7.267500144126782,112.73182171727528
557,2571.227837597324,144.39890017902795,86.01974420463736,-7.273861232127929,112.73131544498759
558,4549.385316807035,292.1497939994995,81.92203210356004,-7.2656331447508045,112.74445882249523
559,320.49129748350083,112.23471679681893,20.861439278176725,-7.261271807840805,112.73201003261323
560,808.5757121405131,97.82573181151727,98.46292326792775,-7.261266104057176,112.74172322531412
561,705.5319647869437,188.82463508131542,79.81881135525565,-7.269330311115876,112.74515502405096
562,1332.402594295303,228.65725631713045,31.706464596912383,-7.278252331885858,112.7361153523436
563,3110.605982069004,265.3098805532172,64.5408653017903,-7.262895525422734,112.7491744246259
564,2359.0760349547413,295.8777167291694,31.06595444896722,-7.270569957308694,112.73314911887853
565,1521.8643119244032,93.98728670377643,39.81691220851111,-7.260479582171123,112.74247124096706
566,1289.706496476342,275.53328982483947,74.88115559524829,-7.275081089423686,112.74016794928662
567,1816.2125363249613,171.27643100195758,25.608281079463246,-7.271704933150422,112.73182751674508
568,4103.356909695041,67.75598790653105,43.690170238914156,-7.260818128278415,112.74908367676339
569,2080.566049349778,213.20239038909446,48.36967206937813,-7.276106832025452,112.74011013808914
570,4716.945773234056,207.7690447895251,46.65433490685194,-7.276828281775723,112.74091976216198
571,4775.337944545931,154.29312737360354,53.93032433764799,-7.276672728301834,112.73058443420892
572,1271.9868577368468,267.00795401473636,52.274250968241915,-7.263620858529798,112.73949230296108
573,947.0021221191658,61.01528560754592,68.7911889687244,-7.26948303922915,112.73419882935659
574,878.9643663987846,263.56642808850415,65.13856363297117,-7.2629731631915355,112.73879258651411
575,3993.941913217566,144.2611663810443,81.08636755443787,-7.262270035409767,112.74553312320509
576,728.5777782206935,226.51280785827225,89.61743732202362,-7.27251752587965,112.73473374672778
577,4960.752848128565,274.24503522377336,48.66432974270512,-7.278854291171169,112.74071444144033
578,1167.4393115443547,124.25741391143677,23.304677585755044,-7.279745670423914,112.74600384940652
579,2112.2044678538036,241.849690525799,95.48043931281897,-7.269314617169471,112.74628554388876
580,3680.554807920211,138.7960025909344,97.73815419030166,-7.265512818413499,112.73271161014404
581,1641.2608192076802,259.7233894510243,29.718400269649106,-7.265803830783343,112.7483015246433
582,4885.1675383089705,256.0411813687214,50.89820527726922,-7.263203703928083,112.73921282855585
583,4049.4460350369923,134.32152451297088,36.27568691344801,-7.272377878329507,112.74637243918738
584,3778.311964675468,125.58843832830378,99.71792546014116,-7.266757253787414,112.74047017624282
585,1105.5024312717555,231.52512203310286,32.72077452119333,-7.277871247085468,112.73654012467394
586,1228.173924450142,136.19575530896634,76.44231253294748,-7.266762039319541,112.7395523632457
587,2006.7650289021287,109.18527541791629,94.76604672377375,-7.264310502531063,112.74882117689741
588,4482.0742112755615,192.20508893734032,58.662106925969965,-7.275178570904317,112.73827485856066
589,3352.332930957783,125.75384198313272,28.74711809716537,-7.265173402327362,112.7348514360669
590,4576.551221528139,128.8055808478698,88.38429740428322,-7.276340839813631,112.74547743147274
591,2772.115548734785,147.0554533140085,29.21921578504298,-7.2724765520060135,112.74968428165506
592,3076.6415286905117,239.55053854861242,25.91936418305061,-7.263396167296342,112.74998968892648
593,1609.5441107783815,134.78861702066553,95.92262824208869,-7.261447663966561,112.73248648267236
594,3326.8770935128387,133.71948639018106,29.6065003035077,-7.2765300936678425,112.73635629057324
595,3469.8882663276286,222.95949321783058,30.19120402158488,-7.272192355321126,112.744845805735
596,1340.5937959368312,128.2700708514372,98.34517495485663,-7.27240217826103,112.73125206179617
597,996.7590767924382,170.535925906021,40.552882833086215,-7.279445819022956,112.73857929253627
598,2059.6245662029633,201.60449201004093,36.3479672409362,-7.2743698356347775,112.74911031759785
599,1860.4022363397582,130.45304999617423,81.39504806232682,-7.272173525826765,112.74853949914143
600,4740.495103334524,171.3755511401643,97.27265424758711,-7.267757721461934,112.73525377929762
601,599.994110906536,273.3047881651695,98.88239756239888,-7.278315769786677,112.7399226393423
602,1956.0682792180176,180.31745651152602,53.78380688921584,-7.269556351915762,112.74040913826853
603,4637.78956010187,167.6883666903763,41.550140159394644,-7.270774654658308,112.73384426939306
604,466.6375819646909,258.27568137835493,53.41457477964844,-7.278148043114392,112.73121473977363
605,3028.059983412107,247.81333194023364,85.85723752036967,-7.277762002831592,112.73760777525841
606,3506.5438165384926,114.57814473820241,71.02743957104617,-7.279785707968027,112.74201669576648
607,3207.2747194905637,296.22304768906304,95.34945251962598,-7.273605562283583,112.74773916677646
608,3170.1595270143875,125.73642289188533,67.2515110772904,-7.271731573207242,112.73310587895543
609,2563.2195983056768,261.5956362401504,96.18213577427007,-7.265845110247323,112.73442562388908
610,4415.905055897151,140.79475353104743,92.68643157613616,-7.261138007072441,112.73805630021629
611,1358.1885120478905,141.95106632658513,27.864188820262534,-7.2674911545569945,112.73331060014972
612,1034.0858860122828,277.8603714908829,68.48433473526777,-7.266768873411676,112.74657485313594
613,1467.6616180839317,230.18653936201557,36.15916695069841,-7.275501028483354,112.74208726063216
614,3932.2574379721277,135.12391272770628,22.938989867782364,-7.278321291723777,112.73767451029875
615,4382.108287270034,292.1096386252929,96.20471582893315,-7.260299190696143,112.74667355800263
616,4191.783846074024,268.0587056480816,68.37553416416048,-7.278419492252845,112.74212487146806
617,4293.5788380485465,190.2188963835008,45.87275492931162,-7.2740493732129945,112.73916327597406
618,4398.707930827513,171.38619914225023,92.46704454633557,-7.265182571336791,112.73314976181948
619,4087.334530516896,71.1477355190855,49.770269393127336,-7.278409784672735,112.73212343787091
620,4784.946638431166,171.67805083814042,21.62006567481315,-7.270569840249395,112.73994860206727
621,2458.1130414835357,105.58695979425376,39.617254140436756,-7.262139627978652,112.74335697058864
622,789.3411033093627,274.77755686303726,51.2328518766425,-7.269438803491023,112.74532937060572
623,582.3109361457289,124.58612229241994,22.398591658224678,-7.278520162125331,112.74211707294462
624,2445.7849387596157,206.76611134155777,71.75121886958343,-7.274692196416411,112.7494482876782
625,641.1610268629162,210.37909894554593,20.51050344853193,-7.272557583932766,112.73012262520707
626,4126.596312820391,82.83855726635849,50.65847201846331,-7.272653327338025,112.73903330388012
627,4302.312644218464,234.4935537967735,54.705066206286475,-7.27862248280885,112.73594030867338
628,2176.461839080667,125.27140246382638,68.63611557823995,-7.275857748881062,112.7451444039163
629,722.1469397098691,76.55819237074653,40.12632487578361,-7.2768820395857,112.74154229662906
630,253.97031025197606,60.55625174819532,40.202058519720964,-7.265715817072375,112.74782538952748
631,2591.6436234120442,151.83583132254995,89.96092887251618,-7.266343477426772,112.74887342853552
632,2015.2537628091357,95.07054237949062,32.02765620750934,-7.2659955251443336,112.73267672948523
633,881.6179724021323,288.70464932479075,95.65812306542155,-7.265929989366269,112.74035286452684
634,2945.007248569263,179.2523973992531,78.67287397471873,-7.26991660277525,112.74684192385352
635,480.07311820904937,112.50802421787995,94.29838767824003,-7.27864267385261,112.73860773819032
636,2382.380815209293,284.79395432744747,52.71621803941443,-7.262030265627909,112.73487850234879
637,1731.37862582704,265.4728923066977,35.124692156563704,-7.275252263598594,112.74713402870648
638,4150.280197330578,245.70060321842828,93.04841796007732,-7.278877595483487,112.74868698703318
639,4324.0635135271705,298.15420833370433,85.57608359665458,-7.262909658856666,112.74966289135584
640,134.185546429927,102.92711847013558,87.05978508474948,-7.263758178970638,112.73586624342569
641,328.5423183893166,173.98182429728044,40.03633362094968,-7.267894737867209,112.7417085695094
642,3793.327085271146,131.48850531624123,26.75528670252283,-7.266667434799106,112.74270074246944
643,2703.294513065511,164.84388606002824,32.69495783563031,-7.2787209104259025,112.7310151089047
644,4782.637243891761,232.6202593158374,72.61626456826649,-7.270984184901535,112.73087228105828
645,4618.2221799298995,198.37622694235225,65.48376807040074,-7.266659367830661,112.74011209723783
646,676.3061057743472,185.53063781780057,51.25299662280255,-7.261667244471035,112.74323558129836
647,965.9470843153467,148.2353494526546,22.45434017455488,-7.279953726027304,112.7439182525881
648,1553.525784353331,103.04526421024843,85.8887209615562,-7.273339048137499,112.74161456653624
649,359.7934226205411,133.76607822121662,77.0304713919013,-7.279748804171942,112.74207893470495
650,4059.8563229464094,134.70107034802172,75.13902383336669,-7.27472877681302,112.74074878869831
651,2355.24415623352,255.87316862114136,34.348771987872205,-7.272675401586137,112.73622977533945
652,4521.881756779767,258.41233074083425,89.48413997265115,-7.272013047392569,112.73346698926736
653,1210.3441625069277,109.7274245468402,75.28737204824996,-7.277627228321457,112.7405567852632
654,4089.978549881968,229.4375316957416,87.69109607030778,-7.266788700229846,112.74627271424161
655,4810.961950683734,249.97652037183565,52.72511873394441,-7.26287534332372,112.73637004430509
656,1754.5331670458881,229.88173166667957,32.76357648199745,-7.268524228449397,112.74007866089799
657,1349.5921960377664,197.10103054013317,83.65767010861995,-7.276857662720335,112.74951301613783
658,1682.127097136792,63.92325978459145,42.60186073808338,-7.265431468855621,112.74715241501556
659,147.73921066747138,248.83882970128843,75.95104908681807,-7.269080226674834,112.738071426539
660,2094.976186196691,179.70486997911615,70.2175920203575,-7.263823139324728,112.74863668720775
661,4883.851669610737,237.2132399786421,57.88174252807003,-7.262431318976983,112.73285505473099
662,2242.1151522403356,114.4002256115527,65.1179120900801,-7.277095277839272,112.73856765421296
663,4466.7176369672125,299.677928997406,86.25100962390017,-7.26290933429062,112.73269816304091
664,4378.413812434378,85.01281524156262,59.32573334485318,-7.261342605703167,112.74815642550998
665,3203.155993535688,249.84970494502252,26.332757222189294,-7.2772633905771915,112.74615444421228
666,1863.3204590923292,131.537399192631,68.07195817838542,-7.276910636937456,112.74765511487762
667,4381.676258847376,282.1512749709669,39.95985186752412,-7.269279783762751,112.74100349677452
668,4257.9842774388035,248.81278464783009,82.57877262689352,-7.274794887127038,112.7414201630648
669,4563.793332486269,70.43613020313165,43.611257594263776,-7.279370185553503,112.73329419786353
670,3033.7464093943427,141.2516513712051,95.04490354627458,-7.261173365762589,112.73323406171397
671,4378.69374258497,143.94561172359604,45.403683331848804,-7.27297285222685,112.73868112773
672,1176.661798106179,267.58199540279855,31.195827587617835,-7.273905203797514,112.74850241697624
673,1504.0984763517563,287.6890791909319,67.70909850640925,-7.2741047799069305,112.74650346020826
674,3756.909838685413,200.3630796831947,23.73014093426569,-7.275056858820837,112.74817420465025
675,4397.81892731291,103.41401054912994,85.01908589657886,-7.271151474622655,112.74917038667272
676,4840.845144554935,263.3922502005047,92.50633002611045,-7.277282270614799,112.74442573532714
677,903.1902062613893,72.42935798673479,64.79004920227622,-7.265687643205795,112.7377469684249
678,3785.3242301853406,171.04346087728703,69.9289045481808,-7.279266834225364,112.73990271287086
679,520.2002182276851,207.3100500006307,40.409847206854295,-7.269254584991697,112.73676312575556
680,1814.1679333363134,205.37447349138426,60.438081633871974,-7.2736096980552984,112.74622257825996
681,2995.6224230663447,105.89446967660345,74.69374138343161,-7.2647782776367,112.73341654773284
682,2149.954427055587,259.852007962953,50.146743901981125,-7.2679792619498125,112.734374514501
683,4579.088360236773,109.77627020895372,90.36404299279576,-7.273363693964235,112.73611277007282
684,2079.020058662056,169.91674592417863,65.10968425245551,-7.278759851201828,112.73039280812051
685,153.1006715631609,137.60243953332358,95.91180207575577,-7.266241932680592,112.73489476598756
686,3092.706800702398,186.61333684395422,86.02416678403291,-7.2747161430561915,112.73464520703902
687,4302.374295464644,201.16713684645612,47.631647137150246,-7.273765388701976,112.7477402785412
688,498.86722132309205,115.1140810794038,66.22032661111719,-7.267051933419275,112.7386957267894
689,1105.1112877919848,229.33467898714648,22.699150002991626,-7.277026124664003,112.74342918721784
690,1637.8175617015725,78.79551859732076,49.35431624446095,-7.263242172986635,112.73807306790208
691,3529.0811363559505,117.08574745323452,96.88696102319764,-7.272982739173986,112.74722775717045
692,1700.0338291475314,209.7385179953072,98.96904001232114,-7.269957431676377,112.74114741010861
693,2633.5317913507483,133.71809290909533,85.21981577785199,-7.273780398859995,112.74659394316339
694,4426.4109046228505,233.02301789965,40.75350086482702,-7.277696121373134,112.74624411731094
695,2463.9819641010326,88.06425688351547,72.71235283199532,-7.270244335169614,112.73512195560582
696,585.2512994575887,166.84281959217066,44.391447811196116,-7.273256683425206,112.73879544562574
697,2415.6177490458876,161.80622931975043,50.50013697197699,-7.270684443405201,112.73788164299165
698,4527.519506000475,102.09995469674858,85.05259951999469,-7.27754856027143,112.73832797559179
699,3937.472496875381,276.139725744414,24.242193602711986,-7.274787347884901,112.73694247405544
700,552.8187413626031,109.91988550036997,76.35749574722341,-7.26398564164026,112.73453389612176
701,4776.138421022766,231.2607765233458,81.93024390082502,-7.278908319568934,112.73953549994846
702,2304.1335410542715,138.79557351312826,66.69405519850747,-7.277192768277776,112.7351679534929
703,1436.131680138057,287.30011708676477,42.520645160866515,-7.265831969407111,112.73661222893219
704,4015.0647040334766,213.04192169028607,48.9158784491559,-7.279219359810525,112.74508291842854
705,136.47606103216103,183.4312050890267,35.336804178237024,-7.271133725494543,112.73231805976071
706,896.4611181964355,147.01375326766532,78.62919695006069,-7.279498990242517,112.73827741552307
707,2235.1963550956,171.94323881439294,61.176317977464116,-7.26098931715973,112.73357300618804
708,4831.848619446789,108.43834927812688,47.04368161151208,-7.266812037285355,112.74920900612719
709,570.2523862506489,269.5395122024027,25.9743595658382,-7.265886650647355,112.7393749307899
710,4376.653478271458,79.40495871706554,50.66231146798672,-7.276800869439413,112.73595481045868
711,2225.1254635340906,259.238665491377,97.26548900595903,-7.271331580095606,112.73697521032545
712,2283.4686668116638,98.68823609155761,69.26822243103908,-7.265193112215711,112.73249007426024
713,4623.029677269255,161.30249836656725,58.68004347040467,-7.272155322367694,112.74152292543413
714,724.9209520643263,234.31511682407827,48.13529526317731,-7.2666608309731116,112.74395366151175
715,1906.4576709020896,182.8538223046757,40.506423121388444,-7.26204848802189,112.7382191742566
716,1128.3576913183858,196.64892143689224,93.77464403096215,-7.268092810102349,112.73173392371507
717,2701.026964827209,151.0824573516631,59.525264523789936,-7.278693776832148,112.74710262428916
718,210.72214527825014,272.5274346049981,76.41041488722493,-7.268871451129556,112.73543540087047
719,2000.3838294852933,125.1658867989932,76.03826701931114,-7.279240312393497,112.7375134439195
720,2831.351880522539,106.92935147212357,87.63091853027406,-7.268167365418882,112.73293114852524
721,4090.7392196596174,125.7248212333017,58.31059575071051,-7.279061153856111,112.7398113724619
722,2684.8909701825078,90.5362004578639,84.18819747766868,-7.278969479065878,112.74703074138466
723,4792.722648841372,122.23734590186453,45.15547076732445,-7.2635756338499915,112.73167609723745
724,2642.1699874209553,177.5018233155012,78.07514296099544,-7.279586449208115,112.73693835622568
725,941.5176911246481,256.47415213584895,34.781819746073396,-7.275314535035236,112.73159983097321
726,2874.741815738903,290.9336976331003,76.70245047339534,-7.261867965832047,112.74434408845867
727,4538.674562712183,137.49011357674507,52.801362560815576,-7.263422128672275,112.74658349936276
728,1001.8760147963168,283.0672856345584,77.88403616623893,-7.2710578723657155,112.73754097600167
729,4975.119686717597,179.9737641972041,45.31811986231694,-7.2624833397818485,112.74576252027134
730,587.0318069751986,147.50749332589402,74.07210263792005,-7.273349631569695,112.74494621059362
731,1043.6610319192846,200.11436442002378,93.66211261873899,-7.269361689725044,112.73063793217607
732,1962.880147867296,265.02610034175365,60.799331311938516,-7.276615626831245,112.74720891097665
733,2883.7985024453487,86.8261125177522,52.433768253391776,-7.26587316460764,112.74789075523859
734,2149.323058872497,67.06896423872102,81.82052334680927,-7.262650110415326,112.7434802594682
735,2676.9454677240183,190.72348857949925,20.677488925536977,-7.261367656941085,112.73611514710245
736,1705.9197775389248,122.46698525914825,56.56045596090813,-7.272450058727778,112.73690870372104
737,3360.5281284001403,264.3193022317417,21.546192501545136,-7.260597907141559,112.74755827770817
738,4089.9055374145037,273.77048093689876,40.7237278217991,-7.2638464162818375,112.74160024140727
739,3224.8528365493335,167.84663831166836,62.2150733876811,-7.27294890118344,112.7460181155217
740,1705.1879686068182,207.3890055724798,92.33582884016263,-7.2783791617671225,112.73790031286221
741,2478.1548943240955,164.25508184855076,86.41848827059545,-7.261540238774143,112.74878769328318
742,812.9385643746591,229.42396780490563,95.96593374545061,-7.276928600115119,112.73115777187682
743,4955.967500622441,114.49550322849745,90.29107547775806,-7.272444434735968,112.73174239611934
744,2889.1427886402475,281.23175659792366,94.74981000193617,-7.265515157336787,112.74051747619929
745,2727.304749761334,190.47104977805128,23.25703773060298,-7.275441697260837,112.73725476109831
746,4244.584384367933,172.3995854036485,42.40664209304143,-7.278074622088296,112.748265831413
747,4791.016045533656,195.5848330845373,45.273795148984334,-7.261809941618859,112.73483092795374
748,2935.9644183734845,197.2463674641173,94.95652242398522,-7.271762239417289,112.74436690903497
749,1212.3886137588736,216.6034465572411,46.14409044836019,-7.265077481344538,112.74954657181942
750,244.49708789365243,101.43878615305943,92.80499782197948,-7.276218854331971,112.73910946801416
751,1244.9297205721587,145.13077722913118,58.367786498012535,-7.266768262623801,112.73790989176905
752,2681.256792694908,95.87809604262537,24.264919624972087,-7.277869592979541,112.73154313274509
753,2742.415850558127,76.27815285278196,45.07191954847326,-7.269088807543406,112.73750066787781
754,4709.901118166133,88.16477773921233,63.070003486127455,-7.264443712132912,112.74732817844666
755,333.91806647409373,162.8577879086034,60.0859667804591,-7.269973656892812,112.73526645145104
756,272.21238800537424,293.7157961816051,86.73017164412468,-7.265038219200574,112.73501149091224
757,2818.556346991588,99.24555679700674,95.04982706568332,-7.267619420335404,112.74215681075553
758,4688.7707829811625,75.54862924577547,43.098505992588855,-7.274072227806161,112.74438244449591
759,537.5830938207212,143.55515544284546,54.35644370634321,-7.267763235842328,112.74726222253932
760,1784.0106914453806,73.62685499233717,47.468816040349424,-7.261203658071603,112.74125237076608
761,976.0384708167152,229.323584021482,47.881902831376536,-7.264940706833406,112.73770620005563
762,4501.032162491447,157.6021876589847,87.11346106079132,-7.278553058000875,112.7437165119474
763,999.400091478451,228.92779180295014,48.96086944451582,-7.260427601019704,112.73240651214331
764,2523.0719041546367,242.8890200581583,66.24284929608261,-7.278375861693969,112.74579692919592
765,4564.175430514021,180.03070877821193,61.809156074072774,-7.264683669255489,112.74624817172584
766,2787.1728584098732,146.69821976771044,27.030495311214715,-7.279975099469156,112.74303725998418
767,3689.607551990187,280.10507462185376,83.05760972653117,-7.26195774687898,112.74525413169093
768,2683.0719862785327,142.32106277675706,82.65075221794564,-7.26025887987297,112.73307998348918
769,956.5368226360202,256.2289202915757,73.55894465644906,-7.276305016090026,112.74806841458528
770,1570.8994859009865,236.78318825981387,90.36614023333323,-7.2761458445537865,112.74459381041346
771,2372.8385581430693,269.3857469813771,33.80976113186384,-7.263267084114798,112.74753684574685
772,3743.4094544863256,178.64914004453516,63.24916489977955,-7.273258076271179,112.7383515723679
773,2806.6253875705133,206.34515897420408,94.06037697923323,-7.274831265021025,112.74628411717
774,4361.100043427401,70.42424754072195,83.3980481149548,-7.279949893174543,112.73717607593161
775,2598.217280777069,254.10567863326514,72.87195045893408,-7.260115657623142,112.74855667555595
776,1319.4177320571355,179.32084877573598,67.96225584460907,-7.2673003125479,112.7347130167448
777,2782.7929150129967,100.3119864679805,73.07859551929806,-7.262268702033193,112.73301308611703
778,714.7187411629018,82.97890292072863,41.90534871105632,-7.264074748214086,112.74506399617678
779,2618.5543147115613,290.8017974299887,27.271537875775884,-7.263061944312851,112.73705448895903
780,1960.7516482904623,153.8342218766489,37.80328113270766,-7.27247858683235,112.73736433980294
781,1485.7450038072027,247.0023994787449,28.665490869498164,-7.2731437303849615,112.73479512400647
782,1447.25625096646,118.0054604494433,74.33966462898795,-7.260404333009405,112.73429396238183
783,827.3986687039124,110.40895371163198,55.96526290637399,-7.278936389010256,112.74453589684029
784,121.72977728970034,193.64364222346697,38.91181138337891,-7.263419573304114,112.74303866324847
785,704.6539381427477,85.89871762405309,35.00991467514375,-7.270439432363934,112.74354350146774
786,2976.829134843118,237.8714639058562,88.16767731913222,-7.261353783529967,112.74346754971185
787,4009.5331702087624,284.16971794517207,54.68508916834118,-7.2650432007456285,112.74973315750826
788,3482.3052441622744,179.83205137216538,59.22257795603531,-7.267289240639316,112.73399432048805
789,3742.9705545865827,221.30195447452977,53.24113514517148,-7.271154859766091,112.73861170861174
790,2573.479792887876,88.08124428398514,92.5183387825955,-7.266182132977255,112.7467630963199
791,3600.878545903995,180.81159539912,92.46158592734777,-7.276498150584994,112.73873657865624
792,1646.5966967360177,173.70319971018586,87.9735901594428,-7.263627541350699,112.74616851638201
793,4355.3751159652375,296.1295472345713,88.85071726274295,-7.261415634078747,112.74911288231972
794,2518.873164804562,247.83441393091863,67.2221728290059,-7.27453934341146,112.73365894507968
795,2040.7821516667275,262.49074922398233,20.80547737934566,-7.263209015971029,112.73972519008268
796,4678.25630066757,298.1394131120181,28.02063483466889,-7.267392540430498,112.73838281558139
797,4200.035696616,133.03791308931392,47.80805612633662,-7.278760745902428,112.7347839546147
798,4867.160731339361,171.4822188262849,40.85423406552506,-7.275874546200872,112.73177381485951
799,2066.5918002129783,125.23356350182303,48.12343783582872,-7.279751721874837,112.7384521468002
800,1598.1289216468047,157.71844845534463,71.395926202036,-7.269806242915024,112.7337902510676
801,2430.1022857952935,221.37234072987852,74.4935859855916,-7.268950125110447,112.74214456575628
802,2874.9483144996248,81.20013336333007,90.40173349923744,-7.279723223624499,112.73321296446794
803,4554.051114172761,284.1594770668507,64.31632658648014,-7.271763802375761,112.731462413434
804,1574.7233770601138,74.99816181160898,37.70296243803104,-7.266039548945438,112.73165332910575
805,4306.938502232526,263.428049487064,48.36842873670904,-7.2779276745699235,112.73302282669387
806,3968.208586990722,147.644550973685,99.62990841177576,-7.272902173037821,112.73389944593494
807,4130.878974643067,162.83860726311647,92.37116824920219,-7.2770260697792235,112.74449624924019
808,2565.6825152601255,69.11540397626469,66.11063469671244,-7.276263098922875,112.74064361327292
809,1852.062886296139,138.9734262125785,89.72550152784328,-7.262090314811122,112.74003474609069
810,603.5081225811412,226.50303186329404,40.1896101611321,-7.261396631006991,112.74840726211487
811,2843.774227880594,182.7237909845577,40.51168804297368,-7.264329567236437,112.74552399653668
812,3561.409306868369,166.5533447908901,85.87697147517468,-7.266587779583787,112.74247990663626
813,943.0173741629992,267.44804364728304,62.879156052882514,-7.267150104034755,112.7490010945235
814,4237.8255004411,284.0897581310295,94.77768925342448,-7.273948955260175,112.74721853189102
815,1114.1892712901574,205.17158999915463,27.498978545279947,-7.27943578545263,112.74879836037168
816,1299.9882862415097,266.7745608604059,93.1690781098051,-7.267488258964231,112.74964725758332
817,1642.974034043262,122.77711943362453,93.46802702505319,-7.272897220321929,112.73543746640735
818,4236.626306688941,199.07723467150447,31.82521119767707,-7.26864740221194,112.73987711979616
819,4293.262259868332,86.67281369243375,62.773157818637586,-7.276155642883065,112.73279780849448
820,4126.705165309702,267.4454370364298,36.72472721541083,-7.279505693774978,112.73870141105064
821,1286.9916252236565,101.99335428422609,77.37654235051605,-7.274288102579633,112.73782972268376
822,3103.5196906771976,286.63858494270426,40.82439220584228,-7.2731551595642765,112.73085137561185
823,2035.3401433883528,168.15546242555564,61.68227567683181,-7.275919614162317,112.74235924312363
824,4614.422089251783,181.9677417863865,59.65100324855341,-7.261897115613214,112.73538918774956
825,3782.7288499786805,186.16940915186115,96.68668326685214,-7.270002792330925,112.7365406139683
826,4876.915707302239,104.65756999714648,21.64220487974589,-7.265935987605299,112.74724585733028
827,3572.0444398414243,96.96737278011206,72.35540310057642,-7.279970437346761,112.73376447566278
828,3037.311885665684,245.4160356909493,48.62031056587044,-7.277108940751974,112.7319626992485
829,4384.880218660448,177.08447872273388,55.31374714519754,-7.26682557505916,112.73723128557214
830,1886.392232642992,104.8137614736194,32.2390488438031,-7.275492840969997,112.730547447901
831,1136.9079104634911,62.16273333353277,20.962936452765312,-7.269255068197121,112.74248737089455
832,4844.074022178404,119.04351898339988,25.83674140381291,-7.272593400729118,112.73627476589976
833,4578.150423444838,173.12793057713338,29.565905561217,-7.264577475637629,112.7301522720508
834,2811.7140956175685,189.0384624971172,94.2674565344786,-7.27997070768907,112.733861116405
835,3053.7881834589534,208.63593296874217,58.59963649618973,-7.279613836492182,112.73054427189247
836,4573.211696857402,87.39571721803557,98.2365440463205,-7.2761797435262725,112.74306366451954
837,4784.8588740926125,263.1087102712413,87.43916953137071,-7.2641134961144695,112.74913257882704
838,2650.6142805795685,276.2893985200232,99.25690493442059,-7.266976465199621,112.73440576363515
839,3701.7289058792235,224.58239814137227,44.611112187267814,-7.273325639632021,112.73674380283505
840,4892.101816419331,168.24555498198094,70.97608263150006,-7.260994841599337,112.74276028901828
841,1970.7393462548864,151.34169717210693,93.78533240838415,-7.263363944281926,112.74246606636244
842,701.1091736907943,76.96850702012492,45.23310369368694,-7.264019336711739,112.73249308002782
843,2367.0886931084306,96.44652056669247,54.14891216842058,-7.275122522503487,112.7329455394909
844,2837.86104118176,153.58611929382897,98.9810108428252,-7.270890685722762,112.73550415871203
845,1337.9814247758422,250.5709706252249,35.200180996976506,-7.279801383908279,112.74111345110354
846,4531.669563684009,261.35473463543553,52.788228636545334,-7.263342305436681,112.73209796446505
847,3065.8684323015955,125.6325184161189,86.93455495440632,-7.269814431025359,112.73190369294477
848,2142.3781570326382,88.8424325326005,67.30572035399348,-7.268002926868743,112.7362837055303
849,3201.801060036342,131.63394766153968,61.087844465787924,-7.260455244990018,112.73276923151047
850,3350.828748965601,181.35341362854913,83.6387515872012,-7.265905770527596,112.73324887606562
851,4984.938752427866,128.8812185468633,89.96786128088148,-7.27345154971651,112.74253338936064
852,2267.0063723565527,72.72479958446108,64.10904050451238,-7.266580739557895,112.74025557079503
853,2026.1586473697091,278.0299607310393,99.01851561301412,-7.267821600154726,112.74478824895398
854,157.75666250115844,125.1440443323554,70.07640510016675,-7.275400107480275,112.73553070351745
855,1058.077001513358,82.67321407149433,43.474889778626995,-7.272914027418415,112.7343336433309
856,836.9121202326581,171.26652194259378,22.913946689497948,-7.278934710213312,112.73858940183004
857,2670.2935715541144,217.41273229726806,24.222632170151606,-7.271884723826247,112.73198997708118
858,2484.512679376462,197.69202059144348,95.54715206091095,-7.276368610979231,112.73039503152232
859,3983.7551338907924,154.05011629061948,31.096593167772948,-7.270162919813791,112.73886339069355
860,1076.4817591494202,105.36114516457134,82.25894903319985,-7.277501200451959,112.73807472423452
861,2034.0140242419639,79.94011827827075,62.793645321214974,-7.271409333415673,112.73141475057952
862,186.26125330651226,79.20284461569584,57.69101202386815,-7.26590115559216,112.74380765199487
863,2759.1818001120023,131.5215064658011,96.58199831336732,-7.267981361295594,112.7442039798955
864,4010.3906843410487,281.37319215395166,43.981184096227075,-7.26403467159139,112.73229344542598
865,3846.962473930044,125.9995225987951,41.26798979035507,-7.276739021437139,112.73765192137016
866,2016.2856962228852,207.8333562578582,97.31043002118659,-7.269181821750346,112.74206719666329
867,1158.76372989427,192.72337150045973,37.54021493917258,-7.263491243739338,112.74098847232537
868,3745.1510941755137,117.73448982213543,96.93784219684191,-7.273342432772929,112.74960063097339
869,4887.376937138408,90.92473671215329,66.83897533937206,-7.273613685551181,112.73961168119064
870,190.22454831721012,252.99685192021462,84.44133433673923,-7.268785005136442,112.74385622335447
871,2579.279228731558,274.289162418318,42.22586897801426,-7.279980054035472,112.73118009122196
872,4566.60404394504,105.18045377097046,70.4277991248406,-7.276281405858864,112.74767618464774
873,4463.8300313910695,214.17953903487606,78.0937301007445,-7.270116962713615,112.73885722995688
874,3733.903785312748,157.51504111378108,68.86892257104145,-7.27645281218493,112.74344767007511
875,4713.245826510435,169.60294817531206,83.49603594037082,-7.276331213224104,112.7306606175358
876,1889.8721142736667,170.11704452441725,20.937232394667376,-7.260294408844092,112.74141630115415
877,4885.310008582777,119.64608627825406,95.49132423955845,-7.274026569296278,112.74141032422321
878,493.5875588981972,152.18183144505264,73.67944304111697,-7.277056005866395,112.7453040972222
879,1505.8107702647555,125.61703078878278,70.10004583294968,-7.275611778850948,112.7393918227065
880,1439.0132769975824,273.8713730222237,42.952250579931224,-7.2724834477957705,112.73268650467342
881,3768.9065058700635,265.38895140978946,77.99403310073365,-7.268871658716737,112.73867475082069
882,3607.0999706925163,196.0253407539012,23.280888306411107,-7.268706083234554,112.74347321270093
883,1250.347832266112,225.9677089092639,89.49754974301261,-7.268596549220777,112.74481232698051
884,4272.598615977481,294.1859456764216,87.49164767982509,-7.273634100830205,112.73792667962203
885,3873.1670170795446,112.08391420065274,47.75448431083678,-7.271388579293131,112.74272917374567
886,4992.685405718883,208.05241896391325,81.29004978852794,-7.264580412570794,112.73908909889825
887,873.5856627379945,105.5205702545552,28.498226428936604,-7.2688907679026045,112.73855151991737
888,3650.85128415581,278.2767093404672,74.22761506831836,-7.277269136405562,112.74351069750058
889,1747.5178007132663,206.02636120835393,31.637759096311733,-7.275521759885194,112.74881041077357
890,717.2650186689688,113.02541176420372,25.09474245630159,-7.267347531820331,112.74387199444058
891,545.1324391723844,220.7910856487361,33.45015313355268,-7.260172119329992,112.74236255870048
892,607.3368171088957,176.84108024351985,76.37321706254204,-7.273828999221505,112.74156176246908
893,2890.2354900829437,280.12610321600084,51.116530318692114,-7.263375113646846,112.74767019051795
894,810.0131267456461,219.38648850603258,75.99860025684846,-7.273922731098283,112.74076746186648
895,1822.0993213185795,143.53044599926034,37.0136961607695,-7.271798930612037,112.73307456056135
896,1661.8672530563713,289.0248023173382,51.242199688817756,-7.268826215510344,112.73571075958685
897,1728.6222364371845,108.54090397465389,92.65288368745928,-7.267765544123966,112.74935146245382
898,1167.7069350874265,181.10366772399902,94.9087669503195,-7.268542765233383,112.7394099315093
899,2955.7005218475183,234.65927203130173,68.16394521696016,-7.270667081086056,112.7476450214782
900,211.0920373613111,151.1274345945199,31.83448576554296,-7.273600061733175,112.74094061470372
901,3842.183533759409,294.9556198165051,66.57957512486531,-7.2602365400452085,112.74745600491946
902,2168.91033003945,299.460988744482,90.93676927760688,-7.2608639364582155,112.73099824064585
903,2263.9256330442686,247.28979886970416,78.16090138821633,-7.261620949424753,112.74527136298664
904,3448.9999453852106,249.12592079446958,37.55123936621689,-7.260673163359994,112.74994577132335
905,4888.919356319369,197.11745611081318,86.03429646801904,-7.262136351667176,112.73919712404145
906,4872.918839806431,213.86672227405856,89.77125795597229,-7.261866740726589,112.74118417317683
907,524.7349348692156,287.16581248839975,27.791290458447584,-7.271330236961994,112.73933279799682
908,2730.8754703907894,129.14980610416342,32.519930337219556,-7.263466831944048,112.73597441303512
909,2414.1631917795353,242.35930036516484,84.40352956592297,-7.2781243822564345,112.74091509499944
910,4675.745995134095,221.83708996732923,26.974874792605927,-7.269996912318164,112.74407749368757
911,565.4782250363342,267.75371623379726,54.439326719327696,-7.276740235248921,112.73276096039108
912,2737.5030034230435,165.09956619983717,99.7084289254873,-7.26142364452811,112.74280733803867
913,1904.9401936190748,231.00456296792365,88.924809261666,-7.276725168329448,112.74408346255552
914,4536.282424070953,238.5367008286659,47.86192983498922,-7.268896213397622,112.7307513744485
915,3954.4087539542566,90.04326039986081,31.79369107621053,-7.265239480205376,112.74858334886467
916,3758.005449937968,181.31997066601647,76.05391258513637,-7.275880628463646,112.73969409881325
917,787.6139419319314,159.7051454276639,78.4720165855974,-7.265289002947975,112.73838440483603
918,2829.413856492624,226.46851464857713,38.001211327038405,-7.265488922199965,112.74171575759756
919,1595.786478588165,273.81307620516134,42.02484249886652,-7.263820440687244,112.74746137850283
920,419.8775779811708,279.1725837345622,42.78084399203331,-7.263467966887411,112.74544422103456
921,4312.480999479237,228.86290827460368,59.178834363804626,-7.266966747266651,112.74275998330621
922,2850.756622985478,205.61872046384502,39.605281900130215,-7.2643547354011435,112.73341693455286
923,2944.845809072837,236.74641150516058,71.07747856198725,-7.262437885054263,112.73162987515188
924,570.8915010269336,69.20453102178382,98.59469827195655,-7.274453174068594,112.74968600707084
925,2373.5249136602965,86.22684323259436,99.3648206340456,-7.2636554078495985,112.73572292872467
926,2964.9299449218133,111.33503533705415,99.73428751861225,-7.2696966665504,112.74795278275606
927,3022.291697257992,129.65429227689137,60.39323445961335,-7.261380989305945,112.74262367638406
928,4384.493169709642,170.5789437890838,75.66645138846708,-7.270737633350707,112.73473107898211
929,2771.6148598596483,260.4801641602228,66.3015821692517,-7.265687170938221,112.73337000947933
930,3183.3348394025097,125.83582073618308,94.80763717945723,-7.262571705696637,112.74996610061133
931,1272.9252859966737,284.02108075742126,39.84583584367,-7.270410107817551,112.74884474557768
932,1066.9594497189355,173.76255237928126,62.46407441768273,-7.277251579382771,112.74280688260151
933,2164.3200257353637,146.85728971810474,96.43518441111114,-7.27030343926739,112.7430428671623
934,4373.7253251011725,71.22519415414996,97.67471150014417,-7.264729188058512,112.74942896671973
935,4274.350145947432,111.7745536734482,20.90092749794911,-7.2683435586155,112.73201064692883
936,2720.1992787529457,63.08628304425605,57.316911864411026,-7.27078115756956,112.73578752943672
937,2681.477312724773,220.79123558668627,72.82868776296259,-7.2782208305420015,112.74124943131501
938,3929.9853385196134,75.1685359691002,88.76149233118286,-7.272790697413118,112.731169192532
939,2343.322036367973,255.8768022323943,46.58783345547932,-7.265088753590709,112.74628706346101
940,2816.5140239475513,99.08665414342249,64.54369534847794,-7.272160431550529,112.7391384312095
941,4866.051197766376,60.96553875631935,54.20798778012207,-7.2730212873587465,112.74424329594137
942,4870.660061052527,179.06179973493497,62.668666625799744,-7.272292973877636,112.74052954818238
943,4651.507029040822,172.11522676235762,33.40924735233766,-7.260489222777758,112.74535327034062
944,1660.1520795822166,218.79733619043478,40.44437402003628,-7.2684003124366505,112.74046170983243
945,3336.018042546234,272.0682078766986,84.196180840537,-7.271930717989841,112.74644838296557
946,2110.2110874486516,115.0924167584351,68.01589957593234,-7.2741529321162375,112.73887469552051
947,471.298923988926,118.95970097517018,37.281132089718895,-7.278142740235084,112.74998850862255
948,1961.0893111098833,86.22598843088026,45.31584679143268,-7.267948881338022,112.74754920321418
949,2777.217256703466,298.7064272675098,55.12193144670408,-7.265246743176881,112.73420763638906
950,3322.9027265676946,195.38982260399882,70.8709800595157,-7.265133481159077,112.73656744737902
951,2395.0903733358873,284.50373425891416,83.66129667118393,-7.277118591163383,112.74465575967376
952,1418.0914333851692,298.4908346009296,26.251711580759274,-7.270652100911255,112.74584157396738
953,1498.9780466488241,166.5682104015459,50.78676925492793,-7.2765310084318475,112.74342880506235
954,3512.3957227791193,74.54694814893321,83.52302505994105,-7.2678364065677705,112.7439135805718
955,4381.831450596672,273.2431394491249,64.45596047869313,-7.265708285585966,112.7452333367235
956,2576.833981136735,222.0035628021284,83.70845347529207,-7.268391820695359,112.73227846810262
957,3873.7424651504157,62.78550949584644,59.15061513283223,-7.262639959259793,112.74149251219681
958,1258.2852440025574,140.44570540878595,30.10303342659796,-7.262273872166821,112.73374298675077
959,2219.415483354232,71.0814647060909,82.65889621316501,-7.271151802447731,112.73157098888458
960,2594.1897473975446,191.82391750331624,55.35483649827333,-7.272191937822984,112.74118390863359
961,3785.3030804612877,218.37041868019696,94.03437484189243,-7.272289608743374,112.7368140908328
962,4844.323790740017,257.01719754037157,40.74172446641633,-7.273250798733776,112.74709450484909
963,4848.272956320822,196.23887532948316,97.73803019359089,-7.27143686841036,112.74172364650592
964,4806.6229198773635,216.41726078282844,96.82750779716665,-7.27548221204598,112.74629965140905
965,4128.338425756566,183.08417508476342,95.37001268474029,-7.262448029358818,112.7389961252739
966,1133.995719524697,160.29591952546346,98.49958391675172,-7.267405179157053,112.73839635222437
967,4358.952261272131,111.28725672017458,78.76986990353544,-7.269581076821817,112.73892506110805
968,1898.3386083641824,107.31063791644524,54.3495428183003,-7.272554093702536,112.73415149581346
969,3701.063041723624,187.43403132281514,37.32365402117958,-7.273553760163969,112.73029785649645
970,2078.877556104135,182.39747845084526,83.74924853367054,-7.260357953523598,112.74818150619947
971,922.5450022594807,231.53762758199645,94.40476256912515,-7.267738513669482,112.74592270594606
972,3148.0583105908618,72.64713631859136,49.65300184949306,-7.27552097715041,112.73077992988937
973,3849.2593052556667,256.1374203120849,71.93034095554593,-7.279478067079829,112.74668971681294
974,1589.595963609439,236.47062362228178,20.97339423384514,-7.26445858159895,112.74658345386955
975,4786.198350470868,66.14041369812212,71.6864396042701,-7.262261565924781,112.73401178790608
976,3902.6466182813465,217.84704799857295,66.15197688651644,-7.263964110120104,112.73435336164682
977,4735.983741304694,258.18780382556747,34.09158807945262,-7.266714229853167,112.74906248822873
978,4272.9050310241655,249.4486124901776,31.130958714425603,-7.261569079702205,112.74531244388433
979,1092.1787948670071,75.9597479311043,23.373931660416083,-7.265978944158188,112.74186273226229
980,815.3357416219013,127.16857280550741,78.83530103633159,-7.266089115608736,112.7441980728354
981,1052.2006111203677,278.39313276719224,93.9275419326288,-7.279566453023707,112.74552313645378
982,2824.0972415833744,147.54658089720178,42.10476829801003,-7.279667421155069,112.73523306536038
983,527.8330348789584,224.4402485171369,67.79378312735055,-7.278059991643723,112.74931724975279
984,3320.3431225598806,99.78203052594915,39.37269842097976,-7.279593190864123,112.73469326632913
985,4502.923759904262,187.4788185238228,31.721651485453748,-7.261335583763369,112.74564744062816
986,2970.701158762407,210.71913168438687,75.21702886372677,-7.260748913524127,112.74228094096239
987,1550.8957307651442,176.8342257249484,96.32565721714107,-7.270207534812964,112.74460050657234
988,389.86197427595465,156.251731191683,40.39767456965301,-7.268487895453727,112.73574810510524
989,1955.0733807647619,282.36526928544225,41.880553151343406,-7.27634720036967,112.74881077692177
990,2992.600314748142,183.59112692422872,36.241208520982724,-7.27051785899265,112.7449070888274
991,3798.6783434044355,249.70735647787376,52.49707107620015,-7.276340476427853,112.74980651961673
992,1514.971986375998,109.90538328430333,69.05571012944857,-7.271227936889151,112.73409048560983
993,1270.0544785278355,102.27647273329171,29.279695642607003,-7.271581927823325,112.74157050141572
994,3727.730355328371,95.09369985641109,61.5985509059988,-7.261130694746701,112.7491420254915
995,2028.7978891628527,233.08732291906082,52.201470145237735,-7.2639069159889225,112.73202451678902
996,4441.5401973863945,269.69439367944506,38.58590374786441,-7.262575259799795,112.7360681909029
997,747.7756849144691,72.7936358300188,32.44093441452365,-7.262441075956717,112.73332441647507
998,2644.882441918927,214.0204537724035,96.55772286902437,-7.273441577573912,112.73607821129
999,2865.129441397051,76.29350334106216,90.77653839005774,-7.272311029484371,112.73752093030893
